id,password,last_login,is_superuser,username,first_name,last_name,email,is_staff,is_active,date_joined
1,pbkdf2_sha256$180000$jxPVgv7bd62e$6JfHQ1yjtb8P8cUE9faCWBGDxBYJryGhD91xtUR9Pz8=,2020-09-07 13:22:17,1,user1,,,,1,1,2020-09-07 13:22:17
2,pbkdf2_sha256$180000$jxPVgv7bd62e$6JfHQ1yjtb8P8cUE9faCWBGDxBYJryGhD91xtUR9Pz8=,2020-09-07 13:22:17,0,user2,,,,0,1,2020-09-07 13:22:17
3,pbkdf2_sha256$180000$jxPVgv7bd62e$6JfHQ1yjtb8P8cUE9faCWBGDxBYJryGhD91xtUR9Pz8=,2020-09-07 13:22:17,0,user3,,,,0,1,2020-09-07 13:22:17
4,pbkdf2_sha256$180000$jxPVgv7bd62e$6JfHQ1yjtb8P8cUE9faCWBGDxBYJryGhD91xtUR9Pz8=,2020-09-07 13:22:17,0,user4,,,,0,1,2020-09-07 13:22:17
5,pbkdf2_sha256$180000$jxPVgv7bd62e$6JfHQ1yjtb8P8cUE9faCWBGDxBYJryGhD91xtUR9Pz8=,2020-09-07 13:22:17,0,user5,,,,0,1,2020-09-07 13:22:17
6,pbkdf2_sha256$180000$jxPVgv7bd62e$6JfHQ1yjtb8P8cUE9faCWBGDxBYJryGhD91xtUR9Pz8=,2020-09-07 13:22:17,0,user6,,,,0,1,2020-09-07 13:22:17
7,pbkdf2_sha256$180000$jxPVgv7bd62e$6JfHQ1yjtb8P8cUE9faCWBGDxBYJryGhD91xtUR9Pz8=,2020-09-07 13:22:17,0,user7,,,,0,1,2020-09-07 13:22:17
8,pbkdf2_sha256$180000$jxPVgv7bd62e$6JfHQ1yjtb8P8cUE9faCWBGDxBYJryGhD91xtUR9Pz8=,2020-09-07 13:22:17,0,user8,,,,0,1,2020-09-07 13:22:17
9,pbkdf2_sha256$180000$jxPVgv7bd62e$6JfHQ1yjtb8P8cUE9faCWBGDxBYJryGhD91xtUR9Pz8=,2020-09-07 13:22:17,0,user9,,,,0,1,2020-09-07 13:22:17
10,pbkdf2_sha256$180000$jxPVgv7bd62e$6JfHQ1yjtb8P8cUE9faCWBGDxBYJryGhD91xtUR9Pz8=,2020-09-07 13:22:17,0,user10,,,,0,1,2020-09-07 13:22:17
11,pbkdf2_sha256$180000$jxPVgv7bd62e$6JfHQ1yjtb8P8cUE9faCWBGDxBYJryGhD91xtUR9Pz8=,2020-09-07 13:22:17,0,user11,,,,0,1,2020-09-07 13:22:17
12,pbkdf2_sha256$180000$jxPVgv7bd62e$6JfHQ1yjtb8P8cUE9faCWBGDxBYJryGhD91xtUR9Pz8=,2020-09-07 13:22:17,0,user12,,,,0,1,2020-09-07 13:22:17
13,pbkdf2_sha256$180000$jxPVgv7bd62e$6JfHQ1yjtb8P8cUE9faCWBGDxBYJryGhD91xtUR9Pz8=,2020-09-07 13:22:17,0,user13,,,,0,1,2020-09-07 13:22:17
14,pbkdf2_sha256$180000$jxPVgv7bd62e$6JfHQ1yjtb8P8cUE9faCWBGDxBYJryGhD91xtUR9Pz8=,2020-09-07 13:22:17,0,user14,,,,0,1,2020-09-07 13:22:17
15,pbkdf2_sha256$180000$jxPVgv7bd62e$6JfHQ1yjtb8P8cUE9faCWBGDxBYJryGhD91xtUR9Pz8=,2020-09-07 13:22:17,0,user15,,,,0,1,2020-09-07 13:22:17
16,pbkdf2_sha256$180000$jxPVgv7bd62e$6JfHQ1yjtb8P8cUE9faCWBGDxBYJryGhD91xtUR9Pz8=,2020-09-07 13:22:17,0,user16,,,,0,1,2020-09-07 13:22:17
17,pbkdf2_sha256$180000$jxPVgv7bd62e$6JfHQ1yjtb8P8cUE9faCWBGDxBYJryGhD91xtUR9Pz8=,2020-09-07 13:22:17,0,user17,,,,0,1,2020-09-07 13:22:17
18,pbkdf2_sha256$180000$jxPVgv7bd62e$6JfHQ1yjtb8P8cUE9faCWBGDxBYJryGhD91xtUR9Pz8=,2020-09-07 13:22:17,0,user18,,,,0,1,2020-09-07 13:22:17
19,pbkdf2_sha256$180000$jxPVgv7bd62e$6JfHQ1yjtb8P8cUE9faCWBGDxBYJryGhD91xtUR9Pz8=,2020-09-07 13:22:17,0,user19,,,,0,1,2020-09-07 13:22:17
20,pbkdf2_sha256$180000$jxPVgv7bd62e$6JfHQ1yjtb8P8cUE9faCWBGDxBYJryGhD91xtUR9Pz8=,2020-09-07 13:22:17,0,user20,,,,0,1,2020-09-07 13:22:17
21,pbkdf2_sha256$180000$jxPVgv7bd62e$6JfHQ1yjtb8P8cUE9faCWBGDxBYJryGhD91xtUR9Pz8=,2020-09-07 13:22:17,0,user21,,,,0,1,2020-09-07 13:22:17
22,pbkdf2_sha256$180000$jxPVgv7bd62e$6JfHQ1yjtb8P8cUE9faCWBGDxBYJryGhD91xtUR9Pz8=,2020-09-07 13:22:17,0,user22,,,,0,1,2020-09-07 13:22:17
23,pbkdf2_sha256$180000$jxPVgv7bd62e$6JfHQ1yjtb8P8cUE9faCWBGDxBYJryGhD91xtUR9Pz8=,2020-09-07 13:22:17,0,user23,,,,0,1,2020-09-07 13:22:17
24,pbkdf2_sha256$180000$jxPVgv7bd62e$6JfHQ1yjtb8P8cUE9faCWBGDxBYJryGhD91xtUR9Pz8=,2020-09-07 13:22:17,0,user24,,,,0,1,2020-09-07 13:22:17
25,pbkdf2_sha256$180000$jxPVgv7bd62e$6JfHQ1yjtb8P8cUE9faCWBGDxBYJryGhD91xtUR9Pz8=,2020-09-07 13:22:17,0,user25,,,,0,1,2020-09-07 13:22:17
26,pbkdf2_sha256$180000$jxPVgv7bd62e$6JfHQ1yjtb8P8cUE9faCWBGDxBYJryGhD91xtUR9Pz8=,2020-09-07 13:22:17,0,user26,,,,0,1,2020-09-07 13:22:17
27,pbkdf2_sha256$180000$jxPVgv7bd62e$6JfHQ1yjtb8P8cUE9faCWBGDxBYJryGhD91xtUR9Pz8=,2020-09-07 13:22:17,0,user27,,,,0,1,2020-09-07 13:22:17
28,pbkdf2_sha256$180000$jxPVgv7bd62e$6JfHQ1yjtb8P8cUE9faCWBGDxBYJryGhD91xtUR9Pz8=,2020-09-07 13:22:17,0,user28,,,,0,1,2020-09-07 13:22:17
29,pbkdf2_sha256$180000$jxPVgv7bd62e$6JfHQ1yjtb8P8cUE9faCWBGDxBYJryGhD91xtUR9Pz8=,2020-09-07 13:22:17,0,user29,,,,0,1,2020-09-07 13:22:17
30,pbkdf2_sha256$180000$jxPVgv7bd62e$6JfHQ1yjtb8P8cUE9faCWBGDxBYJryGhD91xtUR9Pz8=,2020-09-07 13:22:17,0,user30,,,,0,1,2020-09-07 13:22:17
31,pbkdf2_sha256$180000$jxPVgv7bd62e$6JfHQ1yjtb8P8cUE9faCWBGDxBYJryGhD91xtUR9Pz8=,2020-09-07 13:22:17,0,user31,,,,0,1,2020-09-07 13:22:17
32,pbkdf2_sha256$180000$jxPVgv7bd62e$6JfHQ1yjtb8P8cUE9faCWBGDxBYJryGhD91xtUR9Pz8=,2020-09-07 13:22:17,0,user32,,,,0,1,2020-09-07 13:22:17
33,pbkdf2_sha256$180000$jxPVgv7bd62e$6JfHQ1yjtb8P8cUE9faCWBGDxBYJryGhD91xtUR9Pz8=,2020-09-07 13:22:17,0,user33,,,,0,1,2020-09-07 13:22:17
34,pbkdf2_sha256$180000$jxPVgv7bd62e$6JfHQ1yjtb8P8cUE9faCWBGDxBYJryGhD91xtUR9Pz8=,2020-09-07 13:22:17,0,user34,,,,0,1,2020-09-07 13:22:17
35,pbkdf2_sha256$180000$jxPVgv7bd62e$6JfHQ1yjtb8P8cUE9faCWBGDxBYJryGhD91xtUR9Pz8=,2020-09-07 13:22:17,0,user35,,,,0,1,2020-09-07 13:22:17
36,pbkdf2_sha256$180000$jxPVgv7bd62e$6JfHQ1yjtb8P8cUE9faCWBGDxBYJryGhD91xtUR9Pz8=,2020-09-07 13:22:17,0,user36,,,,0,1,2020-09-07 13:22:17
37,pbkdf2_sha256$180000$jxPVgv7bd62e$6JfHQ1yjtb8P8cUE9faCWBGDxBYJryGhD91xtUR9Pz8=,2020-09-07 13:22:17,0,user37,,,,0,1,2020-09-07 13:22:17
38,pbkdf2_sha256$180000$jxPVgv7bd62e$6JfHQ1yjtb8P8cUE9faCWBGDxBYJryGhD91xtUR9Pz8=,2020-09-07 13:22:17,0,user38,,,,0,1,2020-09-07 13:22:17
39,pbkdf2_sha256$180000$jxPVgv7bd62e$6JfHQ1yjtb8P8cUE9faCWBGDxBYJryGhD91xtUR9Pz8=,2020-09-07 13:22:17,0,user39,,,,0,1,2020-09-07 13:22:17
40,pbkdf2_sha256$180000$jxPVgv7bd62e$6JfHQ1yjtb8P8cUE9faCWBGDxBYJryGhD91xtUR9Pz8=,2020-09-07 13:22:17,0,user40,,,,0,1,2020-09-07 13:22:17
41,pbkdf2_sha256$180000$jxPVgv7bd62e$6JfHQ1yjtb8P8cUE9faCWBGDxBYJryGhD91xtUR9Pz8=,2020-09-07 13:22:17,0,user41,,,,0,1,2020-09-07 13:22:17
42,pbkdf2_sha256$180000$jxPVgv7bd62e$6JfHQ1yjtb8P8cUE9faCWBGDxBYJryGhD91xtUR9Pz8=,2020-09-07 13:22:17,0,user42,,,,0,1,2020-09-07 13:22:17
43,pbkdf2_sha256$180000$jxPVgv7bd62e$6JfHQ1yjtb8P8cUE9faCWBGDxBYJryGhD91xtUR9Pz8=,2020-09-07 13:22:17,0,user43,,,,0,1,2020-09-07 13:22:17
44,pbkdf2_sha256$180000$jxPVgv7bd62e$6JfHQ1yjtb8P8cUE9faCWBGDxBYJryGhD91xtUR9Pz8=,2020-09-07 13:22:17,0,user44,,,,0,1,2020-09-07 13:22:17
45,pbkdf2_sha256$180000$jxPVgv7bd62e$6JfHQ1yjtb8P8cUE9faCWBGDxBYJryGhD91xtUR9Pz8=,2020-09-07 13:22:17,0,user45,,,,0,1,2020-09-07 13:22:17
46,pbkdf2_sha256$180000$jxPVgv7bd62e$6JfHQ1yjtb8P8cUE9faCWBGDxBYJryGhD91xtUR9Pz8=,2020-09-07 13:22:17,0,user46,,,,0,1,2020-09-07 13:22:17
47,pbkdf2_sha256$180000$jxPVgv7bd62e$6JfHQ1yjtb8P8cUE9faCWBGDxBYJryGhD91xtUR9Pz8=,2020-09-07 13:22:17,0,user47,,,,0,1,2020-09-07 13:22:17
48,pbkdf2_sha256$180000$jxPVgv7bd62e$6JfHQ1yjtb8P8cUE9faCWBGDxBYJryGhD91xtUR9Pz8=,2020-09-07 13:22:17,0,user48,,,,0,1,2020-09-07 13:22:17
49,pbkdf2_sha256$180000$jxPVgv7bd62e$6JfHQ1yjtb8P8cUE9faCWBGDxBYJryGhD91xtUR9Pz8=,2020-09-07 13:22:17,0,user49,,,,0,1,2020-09-07 13:22:17
50,pbkdf2_sha256$180000$jxPVgv7bd62e$6JfHQ1yjtb8P8cUE9faCWBGDxBYJryGhD91xtUR9Pz8=,2020-09-07 13:22:17,0,user50,,,,0,1,2020-09-07 13:22:17
51,pbkdf2_sha256$180000$jxPVgv7bd62e$6JfHQ1yjtb8P8cUE9faCWBGDxBYJryGhD91xtUR9Pz8=,2020-09-07 13:22:17,0,user51,,,,0,1,2020-09-07 13:22:17
52,pbkdf2_sha256$180000$jxPVgv7bd62e$6JfHQ1yjtb8P8cUE9faCWBGDxBYJryGhD91xtUR9Pz8=,2020-09-07 13:22:17,0,user52,,,,0,1,2020-09-07 13:22:17
53,pbkdf2_sha256$180000$jxPVgv7bd62e$6JfHQ1yjtb8P8cUE9faCWBGDxBYJryGhD91xtUR9Pz8=,2020-09-07 13:22:17,0,user53,,,,0,1,2020-09-07 13:22:17
54,pbkdf2_sha256$180000$jxPVgv7bd62e$6JfHQ1yjtb8P8cUE9faCWBGDxBYJryGhD91xtUR9Pz8=,2020-09-07 13:22:17,0,user54,,,,0,1,2020-09-07 13:22:17
55,pbkdf2_sha256$180000$jxPVgv7bd62e$6JfHQ1yjtb8P8cUE9faCWBGDxBYJryGhD91xtUR9Pz8=,2020-09-07 13:22:17,0,user55,,,,0,1,2020-09-07 13:22:17
56,pbkdf2_sha256$180000$jxPVgv7bd62e$6JfHQ1yjtb8P8cUE9faCWBGDxBYJryGhD91xtUR9Pz8=,2020-09-07 13:22:17,0,user56,,,,0,1,2020-09-07 13:22:17
57,pbkdf2_sha256$180000$jxPVgv7bd62e$6JfHQ1yjtb8P8cUE9faCWBGDxBYJryGhD91xtUR9Pz8=,2020-09-07 13:22:17,0,user57,,,,0,1,2020-09-07 13:22:17
58,pbkdf2_sha256$180000$jxPVgv7bd62e$6JfHQ1yjtb8P8cUE9faCWBGDxBYJryGhD91xtUR9Pz8=,2020-09-07 13:22:17,0,user58,,,,0,1,2020-09-07 13:22:17
59,pbkdf2_sha256$180000$jxPVgv7bd62e$6JfHQ1yjtb8P8cUE9faCWBGDxBYJryGhD91xtUR9Pz8=,2020-09-07 13:22:17,0,user59,,,,0,1,2020-09-07 13:22:17
60,pbkdf2_sha256$180000$jxPVgv7bd62e$6JfHQ1yjtb8P8cUE9faCWBGDxBYJryGhD91xtUR9Pz8=,2020-09-07 13:22:17,0,user60,,,,0,1,2020-09-07 13:22:17
61,pbkdf2_sha256$180000$jxPVgv7bd62e$6JfHQ1yjtb8P8cUE9faCWBGDxBYJryGhD91xtUR9Pz8=,2020-09-07 13:22:17,0,user61,,,,0,1,2020-09-07 13:22:17
62,pbkdf2_sha256$180000$jxPVgv7bd62e$6JfHQ1yjtb8P8cUE9faCWBGDxBYJryGhD91xtUR9Pz8=,2020-09-07 13:22:17,0,user62,,,,0,1,2020-09-07 13:22:17
63,pbkdf2_sha256$180000$jxPVgv7bd62e$6JfHQ1yjtb8P8cUE9faCWBGDxBYJryGhD91xtUR9Pz8=,2020-09-07 13:22:17,0,user63,,,,0,1,2020-09-07 13:22:17
64,pbkdf2_sha256$180000$jxPVgv7bd62e$6JfHQ1yjtb8P8cUE9faCWBGDxBYJryGhD91xtUR9Pz8=,2020-09-07 13:22:17,0,user64,,,,0,1,2020-09-07 13:22:17
65,pbkdf2_sha256$180000$jxPVgv7bd62e$6JfHQ1yjtb8P8cUE9faCWBGDxBYJryGhD91xtUR9Pz8=,2020-09-07 13:22:17,0,user65,,,,0,1,2020-09-07 13:22:17
66,pbkdf2_sha256$180000$jxPVgv7bd62e$6JfHQ1yjtb8P8cUE9faCWBGDxBYJryGhD91xtUR9Pz8=,2020-09-07 13:22:17,0,user66,,,,0,1,2020-09-07 13:22:17
67,pbkdf2_sha256$180000$jxPVgv7bd62e$6JfHQ1yjtb8P8cUE9faCWBGDxBYJryGhD91xtUR9Pz8=,2020-09-07 13:22:17,0,user67,,,,0,1,2020-09-07 13:22:17
68,pbkdf2_sha256$180000$jxPVgv7bd62e$6JfHQ1yjtb8P8cUE9faCWBGDxBYJryGhD91xtUR9Pz8=,2020-09-07 13:22:17,0,user68,,,,0,1,2020-09-07 13:22:17
69,pbkdf2_sha256$180000$jxPVgv7bd62e$6JfHQ1yjtb8P8cUE9faCWBGDxBYJryGhD91xtUR9Pz8=,2020-09-07 13:22:17,0,user69,,,,0,1,2020-09-07 13:22:17
70,pbkdf2_sha256$180000$jxPVgv7bd62e$6JfHQ1yjtb8P8cUE9faCWBGDxBYJryGhD91xtUR9Pz8=,2020-09-07 13:22:17,0,user70,,,,0,1,2020-09-07 13:22:17
71,pbkdf2_sha256$180000$jxPVgv7bd62e$6JfHQ1yjtb8P8cUE9faCWBGDxBYJryGhD91xtUR9Pz8=,2020-09-07 13:22:17,0,user71,,,,0,1,2020-09-07 13:22:17
72,pbkdf2_sha256$180000$jxPVgv7bd62e$6JfHQ1yjtb8P8cUE9faCWBGDxBYJryGhD91xtUR9Pz8=,2020-09-07 13:22:17,0,user72,,,,0,1,2020-09-07 13:22:17
73,pbkdf2_sha256$180000$jxPVgv7bd62e$6JfHQ1yjtb8P8cUE9faCWBGDxBYJryGhD91xtUR9Pz8=,2020-09-07 13:22:17,0,user73,,,,0,1,2020-09-07 13:22:17
74,pbkdf2_sha256$180000$jxPVgv7bd62e$6JfHQ1yjtb8P8cUE9faCWBGDxBYJryGhD91xtUR9Pz8=,2020-09-07 13:22:17,0,user74,,,,0,1,2020-09-07 13:22:17
75,pbkdf2_sha256$180000$jxPVgv7bd62e$6JfHQ1yjtb8P8cUE9faCWBGDxBYJryGhD91xtUR9Pz8=,2020-09-07 13:22:17,0,user75,,,,0,1,2020-09-07 13:22:17
76,pbkdf2_sha256$180000$jxPVgv7bd62e$6JfHQ1yjtb8P8cUE9faCWBGDxBYJryGhD91xtUR9Pz8=,2020-09-07 13:22:17,0,user76,,,,0,1,2020-09-07 13:22:17
77,pbkdf2_sha256$180000$jxPVgv7bd62e$6JfHQ1yjtb8P8cUE9faCWBGDxBYJryGhD91xtUR9Pz8=,2020-09-07 13:22:17,0,user77,,,,0,1,2020-09-07 13:22:17
78,pbkdf2_sha256$180000$jxPVgv7bd62e$6JfHQ1yjtb8P8cUE9faCWBGDxBYJryGhD91xtUR9Pz8=,2020-09-07 13:22:17,0,user78,,,,0,1,2020-09-07 13:22:17
79,pbkdf2_sha256$180000$jxPVgv7bd62e$6JfHQ1yjtb8P8cUE9faCWBGDxBYJryGhD91xtUR9Pz8=,2020-09-07 13:22:17,0,user79,,,,0,1,2020-09-07 13:22:17
80,pbkdf2_sha256$180000$jxPVgv7bd62e$6JfHQ1yjtb8P8cUE9faCWBGDxBYJryGhD91xtUR9Pz8=,2020-09-07 13:22:17,0,user80,,,,0,1,2020-09-07 13:22:17
81,pbkdf2_sha256$180000$jxPVgv7bd62e$6JfHQ1yjtb8P8cUE9faCWBGDxBYJryGhD91xtUR9Pz8=,2020-09-07 13:22:17,0,user81,,,,0,1,2020-09-07 13:22:17
82,pbkdf2_sha256$180000$jxPVgv7bd62e$6JfHQ1yjtb8P8cUE9faCWBGDxBYJryGhD91xtUR9Pz8=,2020-09-07 13:22:17,0,user82,,,,0,1,2020-09-07 13:22:17
83,pbkdf2_sha256$180000$jxPVgv7bd62e$6JfHQ1yjtb8P8cUE9faCWBGDxBYJryGhD91xtUR9Pz8=,2020-09-07 13:22:17,0,user83,,,,0,1,2020-09-07 13:22:17
84,pbkdf2_sha256$180000$jxPVgv7bd62e$6JfHQ1yjtb8P8cUE9faCWBGDxBYJryGhD91xtUR9Pz8=,2020-09-07 13:22:17,0,user84,,,,0,1,2020-09-07 13:22:17
85,pbkdf2_sha256$180000$jxPVgv7bd62e$6JfHQ1yjtb8P8cUE9faCWBGDxBYJryGhD91xtUR9Pz8=,2020-09-07 13:22:17,0,user85,,,,0,1,2020-09-07 13:22:17
86,pbkdf2_sha256$180000$jxPVgv7bd62e$6JfHQ1yjtb8P8cUE9faCWBGDxBYJryGhD91xtUR9Pz8=,2020-09-07 13:22:17,0,user86,,,,0,1,2020-09-07 13:22:17
87,pbkdf2_sha256$180000$jxPVgv7bd62e$6JfHQ1yjtb8P8cUE9faCWBGDxBYJryGhD91xtUR9Pz8=,2020-09-07 13:22:17,0,user87,,,,0,1,2020-09-07 13:22:17
88,pbkdf2_sha256$180000$jxPVgv7bd62e$6JfHQ1yjtb8P8cUE9faCWBGDxBYJryGhD91xtUR9Pz8=,2020-09-07 13:22:17,0,user88,,,,0,1,2020-09-07 13:22:17
89,pbkdf2_sha256$180000$jxPVgv7bd62e$6JfHQ1yjtb8P8cUE9faCWBGDxBYJryGhD91xtUR9Pz8=,2020-09-07 13:22:17,0,user89,,,,0,1,2020-09-07 13:22:17
90,pbkdf2_sha256$180000$jxPVgv7bd62e$6JfHQ1yjtb8P8cUE9faCWBGDxBYJryGhD91xtUR9Pz8=,2020-09-07 13:22:17,0,user90,,,,0,1,2020-09-07 13:22:17
91,pbkdf2_sha256$180000$jxPVgv7bd62e$6JfHQ1yjtb8P8cUE9faCWBGDxBYJryGhD91xtUR9Pz8=,2020-09-07 13:22:17,0,user91,,,,0,1,2020-09-07 13:22:17
92,pbkdf2_sha256$180000$jxPVgv7bd62e$6JfHQ1yjtb8P8cUE9faCWBGDxBYJryGhD91xtUR9Pz8=,2020-09-07 13:22:17,0,user92,,,,0,1,2020-09-07 13:22:17
93,pbkdf2_sha256$180000$jxPVgv7bd62e$6JfHQ1yjtb8P8cUE9faCWBGDxBYJryGhD91xtUR9Pz8=,2020-09-07 13:22:17,0,user93,,,,0,1,2020-09-07 13:22:17
94,pbkdf2_sha256$180000$jxPVgv7bd62e$6JfHQ1yjtb8P8cUE9faCWBGDxBYJryGhD91xtUR9Pz8=,2020-09-07 13:22:17,0,user94,,,,0,1,2020-09-07 13:22:17
95,pbkdf2_sha256$180000$jxPVgv7bd62e$6JfHQ1yjtb8P8cUE9faCWBGDxBYJryGhD91xtUR9Pz8=,2020-09-07 13:22:17,0,user95,,,,0,1,2020-09-07 13:22:17
96,pbkdf2_sha256$180000$jxPVgv7bd62e$6JfHQ1yjtb8P8cUE9faCWBGDxBYJryGhD91xtUR9Pz8=,2020-09-07 13:22:17,0,user96,,,,0,1,2020-09-07 13:22:17
97,pbkdf2_sha256$180000$jxPVgv7bd62e$6JfHQ1yjtb8P8cUE9faCWBGDxBYJryGhD91xtUR9Pz8=,2020-09-07 13:22:17,0,user97,,,,0,1,2020-09-07 13:22:17
98,pbkdf2_sha256$180000$jxPVgv7bd62e$6JfHQ1yjtb8P8cUE9faCWBGDxBYJryGhD91xtUR9Pz8=,2020-09-07 13:22:17,0,user98,,,,0,1,2020-09-07 13:22:17
99,pbkdf2_sha256$180000$jxPVgv7bd62e$6JfHQ1yjtb8P8cUE9faCWBGDxBYJryGhD91xtUR9Pz8=,2020-09-07 13:22:17,0,user99,,,,0,1,2020-09-07 13:22:17
100,pbkdf2_sha256$180000$jxPVgv7bd62e$6JfHQ1yjtb8P8cUE9faCWBGDxBYJryGhD91xtUR9Pz8=,2020-09-07 13:22:17,0,user100,,,,0,1,2020-09-07 13:22:17
101,pbkdf2_sha256$180000$jxPVgv7bd62e$6JfHQ1yjtb8P8cUE9faCWBGDxBYJryGhD91xtUR9Pz8=,2020-09-07 13:22:17,0,user101,,,,0,1,2020-09-07 13:22:17
102,pbkdf2_sha256$180000$jxPVgv7bd62e$6JfHQ1yjtb8P8cUE9faCWBGDxBYJryGhD91xtUR9Pz8=,2020-09-07 13:22:17,0,user102,,,,0,1,2020-09-07 13:22:17
103,pbkdf2_sha256$180000$jxPVgv7bd62e$6JfHQ1yjtb8P8cUE9faCWBGDxBYJryGhD91xtUR9Pz8=,2020-09-07 13:22:17,0,user103,,,,0,1,2020-09-07 13:22:17
104,pbkdf2_sha256$180000$jxPVgv7bd62e$6JfHQ1yjtb8P8cUE9faCWBGDxBYJryGhD91xtUR9Pz8=,2020-09-07 13:22:17,0,user104,,,,0,1,2020-09-07 13:22:17
105,pbkdf2_sha256$180000$jxPVgv7bd62e$6JfHQ1yjtb8P8cUE9faCWBGDxBYJryGhD91xtUR9Pz8=,2020-09-07 13:22:17,0,user105,,,,0,1,2020-09-07 13:22:17
106,pbkdf2_sha256$180000$jxPVgv7bd62e$6JfHQ1yjtb8P8cUE9faCWBGDxBYJryGhD91xtUR9Pz8=,2020-09-07 13:22:17,0,user106,,,,0,1,2020-09-07 13:22:17
107,pbkdf2_sha256$180000$jxPVgv7bd62e$6JfHQ1yjtb8P8cUE9faCWBGDxBYJryGhD91xtUR9Pz8=,2020-09-07 13:22:17,0,user107,,,,0,1,2020-09-07 13:22:17
108,pbkdf2_sha256$180000$jxPVgv7bd62e$6JfHQ1yjtb8P8cUE9faCWBGDxBYJryGhD91xtUR9Pz8=,2020-09-07 13:22:17,0,user108,,,,0,1,2020-09-07 13:22:17
109,pbkdf2_sha256$180000$jxPVgv7bd62e$6JfHQ1yjtb8P8cUE9faCWBGDxBYJryGhD91xtUR9Pz8=,2020-09-07 13:22:17,0,user109,,,,0,1,2020-09-07 13:22:17
110,pbkdf2_sha256$180000$jxPVgv7bd62e$6JfHQ1yjtb8P8cUE9faCWBGDxBYJryGhD91xtUR9Pz8=,2020-09-07 13:22:17,0,user110,,,,0,1,2020-09-07 13:22:17
111,pbkdf2_sha256$180000$jxPVgv7bd62e$6JfHQ1yjtb8P8cUE9faCWBGDxBYJryGhD91xtUR9Pz8=,2020-09-07 13:22:17,0,user111,,,,0,1,2020-09-07 13:22:17
112,pbkdf2_sha256$180000$jxPVgv7bd62e$6JfHQ1yjtb8P8cUE9faCWBGDxBYJryGhD91xtUR9Pz8=,2020-09-07 13:22:17,0,user112,,,,0,1,2020-09-07 13:22:17
113,pbkdf2_sha256$180000$jxPVgv7bd62e$6JfHQ1yjtb8P8cUE9faCWBGDxBYJryGhD91xtUR9Pz8=,2020-09-07 13:22:17,0,user113,,,,0,1,2020-09-07 13:22:17
114,pbkdf2_sha256$180000$jxPVgv7bd62e$6JfHQ1yjtb8P8cUE9faCWBGDxBYJryGhD91xtUR9Pz8=,2020-09-07 13:22:17,0,user114,,,,0,1,2020-09-07 13:22:17
115,pbkdf2_sha256$180000$jxPVgv7bd62e$6JfHQ1yjtb8P8cUE9faCWBGDxBYJryGhD91xtUR9Pz8=,2020-09-07 13:22:17,0,user115,,,,0,1,2020-09-07 13:22:17
116,pbkdf2_sha256$180000$jxPVgv7bd62e$6JfHQ1yjtb8P8cUE9faCWBGDxBYJryGhD91xtUR9Pz8=,2020-09-07 13:22:17,0,user116,,,,0,1,2020-09-07 13:22:17
117,pbkdf2_sha256$180000$jxPVgv7bd62e$6JfHQ1yjtb8P8cUE9faCWBGDxBYJryGhD91xtUR9Pz8=,2020-09-07 13:22:17,0,user117,,,,0,1,2020-09-07 13:22:17
118,pbkdf2_sha256$180000$jxPVgv7bd62e$6JfHQ1yjtb8P8cUE9faCWBGDxBYJryGhD91xtUR9Pz8=,2020-09-07 13:22:17,0,user118,,,,0,1,2020-09-07 13:22:17
119,pbkdf2_sha256$180000$jxPVgv7bd62e$6JfHQ1yjtb8P8cUE9faCWBGDxBYJryGhD91xtUR9Pz8=,2020-09-07 13:22:17,0,user119,,,,0,1,2020-09-07 13:22:17
120,pbkdf2_sha256$180000$jxPVgv7bd62e$6JfHQ1yjtb8P8cUE9faCWBGDxBYJryGhD91xtUR9Pz8=,2020-09-07 13:22:17,0,user120,,,,0,1,2020-09-07 13:22:17
121,pbkdf2_sha256$180000$jxPVgv7bd62e$6JfHQ1yjtb8P8cUE9faCWBGDxBYJryGhD91xtUR9Pz8=,2020-09-07 13:22:17,0,user121,,,,0,1,2020-09-07 13:22:17
122,pbkdf2_sha256$180000$jxPVgv7bd62e$6JfHQ1yjtb8P8cUE9faCWBGDxBYJryGhD91xtUR9Pz8=,2020-09-07 13:22:17,0,user122,,,,0,1,2020-09-07 13:22:17
123,pbkdf2_sha256$180000$jxPVgv7bd62e$6JfHQ1yjtb8P8cUE9faCWBGDxBYJryGhD91xtUR9Pz8=,2020-09-07 13:22:17,0,user123,,,,0,1,2020-09-07 13:22:17
124,pbkdf2_sha256$180000$jxPVgv7bd62e$6JfHQ1yjtb8P8cUE9faCWBGDxBYJryGhD91xtUR9Pz8=,2020-09-07 13:22:17,0,user124,,,,0,1,2020-09-07 13:22:17
125,pbkdf2_sha256$180000$jxPVgv7bd62e$6JfHQ1yjtb8P8cUE9faCWBGDxBYJryGhD91xtUR9Pz8=,2020-09-07 13:22:17,0,user125,,,,0,1,2020-09-07 13:22:17
126,pbkdf2_sha256$180000$jxPVgv7bd62e$6JfHQ1yjtb8P8cUE9faCWBGDxBYJryGhD91xtUR9Pz8=,2020-09-07 13:22:17,0,user126,,,,0,1,2020-09-07 13:22:17
127,pbkdf2_sha256$180000$jxPVgv7bd62e$6JfHQ1yjtb8P8cUE9faCWBGDxBYJryGhD91xtUR9Pz8=,2020-09-07 13:22:17,0,user127,,,,0,1,2020-09-07 13:22:17
128,pbkdf2_sha256$180000$jxPVgv7bd62e$6JfHQ1yjtb8P8cUE9faCWBGDxBYJryGhD91xtUR9Pz8=,2020-09-07 13:22:17,0,user128,,,,0,1,2020-09-07 13:22:17
129,pbkdf2_sha256$180000$jxPVgv7bd62e$6JfHQ1yjtb8P8cUE9faCWBGDxBYJryGhD91xtUR9Pz8=,2020-09-07 13:22:17,0,user129,,,,0,1,2020-09-07 13:22:17
130,pbkdf2_sha256$180000$jxPVgv7bd62e$6JfHQ1yjtb8P8cUE9faCWBGDxBYJryGhD91xtUR9Pz8=,2020-09-07 13:22:17,0,user130,,,,0,1,2020-09-07 13:22:17
131,pbkdf2_sha256$180000$jxPVgv7bd62e$6JfHQ1yjtb8P8cUE9faCWBGDxBYJryGhD91xtUR9Pz8=,2020-09-07 13:22:17,0,user131,,,,0,1,2020-09-07 13:22:17
132,pbkdf2_sha256$180000$jxPVgv7bd62e$6JfHQ1yjtb8P8cUE9faCWBGDxBYJryGhD91xtUR9Pz8=,2020-09-07 13:22:17,0,user132,,,,0,1,2020-09-07 13:22:17
133,pbkdf2_sha256$180000$jxPVgv7bd62e$6JfHQ1yjtb8P8cUE9faCWBGDxBYJryGhD91xtUR9Pz8=,2020-09-07 13:22:17,0,user133,,,,0,1,2020-09-07 13:22:17
134,pbkdf2_sha256$180000$jxPVgv7bd62e$6JfHQ1yjtb8P8cUE9faCWBGDxBYJryGhD91xtUR9Pz8=,2020-09-07 13:22:17,0,user134,,,,0,1,2020-09-07 13:22:17
135,pbkdf2_sha256$180000$jxPVgv7bd62e$6JfHQ1yjtb8P8cUE9faCWBGDxBYJryGhD91xtUR9Pz8=,2020-09-07 13:22:17,0,user135,,,,0,1,2020-09-07 13:22:17
136,pbkdf2_sha256$180000$jxPVgv7bd62e$6JfHQ1yjtb8P8cUE9faCWBGDxBYJryGhD91xtUR9Pz8=,2020-09-07 13:22:17,0,user136,,,,0,1,2020-09-07 13:22:17
137,pbkdf2_sha256$180000$jxPVgv7bd62e$6JfHQ1yjtb8P8cUE9faCWBGDxBYJryGhD91xtUR9Pz8=,2020-09-07 13:22:17,0,user137,,,,0,1,2020-09-07 13:22:17
138,pbkdf2_sha256$180000$jxPVgv7bd62e$6JfHQ1yjtb8P8cUE9faCWBGDxBYJryGhD91xtUR9Pz8=,2020-09-07 13:22:17,0,user138,,,,0,1,2020-09-07 13:22:17
139,pbkdf2_sha256$180000$jxPVgv7bd62e$6JfHQ1yjtb8P8cUE9faCWBGDxBYJryGhD91xtUR9Pz8=,2020-09-07 13:22:17,0,user139,,,,0,1,2020-09-07 13:22:17
140,pbkdf2_sha256$180000$jxPVgv7bd62e$6JfHQ1yjtb8P8cUE9faCWBGDxBYJryGhD91xtUR9Pz8=,2020-09-07 13:22:17,0,user140,,,,0,1,2020-09-07 13:22:17
141,pbkdf2_sha256$180000$jxPVgv7bd62e$6JfHQ1yjtb8P8cUE9faCWBGDxBYJryGhD91xtUR9Pz8=,2020-09-07 13:22:17,0,user141,,,,0,1,2020-09-07 13:22:17
142,pbkdf2_sha256$180000$jxPVgv7bd62e$6JfHQ1yjtb8P8cUE9faCWBGDxBYJryGhD91xtUR9Pz8=,2020-09-07 13:22:17,0,user142,,,,0,1,2020-09-07 13:22:17
143,pbkdf2_sha256$180000$jxPVgv7bd62e$6JfHQ1yjtb8P8cUE9faCWBGDxBYJryGhD91xtUR9Pz8=,2020-09-07 13:22:17,0,user143,,,,0,1,2020-09-07 13:22:17
144,pbkdf2_sha256$180000$jxPVgv7bd62e$6JfHQ1yjtb8P8cUE9faCWBGDxBYJryGhD91xtUR9Pz8=,2020-09-07 13:22:17,0,user144,,,,0,1,2020-09-07 13:22:17
145,pbkdf2_sha256$180000$jxPVgv7bd62e$6JfHQ1yjtb8P8cUE9faCWBGDxBYJryGhD91xtUR9Pz8=,2020-09-07 13:22:17,0,user145,,,,0,1,2020-09-07 13:22:17
146,pbkdf2_sha256$180000$jxPVgv7bd62e$6JfHQ1yjtb8P8cUE9faCWBGDxBYJryGhD91xtUR9Pz8=,2020-09-07 13:22:17,0,user146,,,,0,1,2020-09-07 13:22:17
147,pbkdf2_sha256$180000$jxPVgv7bd62e$6JfHQ1yjtb8P8cUE9faCWBGDxBYJryGhD91xtUR9Pz8=,2020-09-07 13:22:17,0,user147,,,,0,1,2020-09-07 13:22:17
148,pbkdf2_sha256$180000$jxPVgv7bd62e$6JfHQ1yjtb8P8cUE9faCWBGDxBYJryGhD91xtUR9Pz8=,2020-09-07 13:22:17,0,user148,,,,0,1,2020-09-07 13:22:17
149,pbkdf2_sha256$180000$jxPVgv7bd62e$6JfHQ1yjtb8P8cUE9faCWBGDxBYJryGhD91xtUR9Pz8=,2020-09-07 13:22:17,0,user149,,,,0,1,2020-09-07 13:22:17
150,pbkdf2_sha256$180000$jxPVgv7bd62e$6JfHQ1yjtb8P8cUE9faCWBGDxBYJryGhD91xtUR9Pz8=,2020-09-07 13:22:17,0,user150,,,,0,1,2020-09-07 13:22:17
151,pbkdf2_sha256$180000$jxPVgv7bd62e$6JfHQ1yjtb8P8cUE9faCWBGDxBYJryGhD91xtUR9Pz8=,2020-09-07 13:22:17,0,user151,,,,0,1,2020-09-07 13:22:17
152,pbkdf2_sha256$180000$jxPVgv7bd62e$6JfHQ1yjtb8P8cUE9faCWBGDxBYJryGhD91xtUR9Pz8=,2020-09-07 13:22:17,0,user152,,,,0,1,2020-09-07 13:22:17
153,pbkdf2_sha256$180000$jxPVgv7bd62e$6JfHQ1yjtb8P8cUE9faCWBGDxBYJryGhD91xtUR9Pz8=,2020-09-07 13:22:17,0,user153,,,,0,1,2020-09-07 13:22:17
154,pbkdf2_sha256$180000$jxPVgv7bd62e$6JfHQ1yjtb8P8cUE9faCWBGDxBYJryGhD91xtUR9Pz8=,2020-09-07 13:22:17,0,user154,,,,0,1,2020-09-07 13:22:17
155,pbkdf2_sha256$180000$jxPVgv7bd62e$6JfHQ1yjtb8P8cUE9faCWBGDxBYJryGhD91xtUR9Pz8=,2020-09-07 13:22:17,0,user155,,,,0,1,2020-09-07 13:22:17
156,pbkdf2_sha256$180000$jxPVgv7bd62e$6JfHQ1yjtb8P8cUE9faCWBGDxBYJryGhD91xtUR9Pz8=,2020-09-07 13:22:17,0,user156,,,,0,1,2020-09-07 13:22:17
157,pbkdf2_sha256$180000$jxPVgv7bd62e$6JfHQ1yjtb8P8cUE9faCWBGDxBYJryGhD91xtUR9Pz8=,2020-09-07 13:22:17,0,user157,,,,0,1,2020-09-07 13:22:17
158,pbkdf2_sha256$180000$jxPVgv7bd62e$6JfHQ1yjtb8P8cUE9faCWBGDxBYJryGhD91xtUR9Pz8=,2020-09-07 13:22:17,0,user158,,,,0,1,2020-09-07 13:22:17
159,pbkdf2_sha256$180000$jxPVgv7bd62e$6JfHQ1yjtb8P8cUE9faCWBGDxBYJryGhD91xtUR9Pz8=,2020-09-07 13:22:17,0,user159,,,,0,1,2020-09-07 13:22:17
160,pbkdf2_sha256$180000$jxPVgv7bd62e$6JfHQ1yjtb8P8cUE9faCWBGDxBYJryGhD91xtUR9Pz8=,2020-09-07 13:22:17,0,user160,,,,0,1,2020-09-07 13:22:17
161,pbkdf2_sha256$180000$jxPVgv7bd62e$6JfHQ1yjtb8P8cUE9faCWBGDxBYJryGhD91xtUR9Pz8=,2020-09-07 13:22:17,0,user161,,,,0,1,2020-09-07 13:22:17
162,pbkdf2_sha256$180000$jxPVgv7bd62e$6JfHQ1yjtb8P8cUE9faCWBGDxBYJryGhD91xtUR9Pz8=,2020-09-07 13:22:17,0,user162,,,,0,1,2020-09-07 13:22:17
163,pbkdf2_sha256$180000$jxPVgv7bd62e$6JfHQ1yjtb8P8cUE9faCWBGDxBYJryGhD91xtUR9Pz8=,2020-09-07 13:22:17,0,user163,,,,0,1,2020-09-07 13:22:17
164,pbkdf2_sha256$180000$jxPVgv7bd62e$6JfHQ1yjtb8P8cUE9faCWBGDxBYJryGhD91xtUR9Pz8=,2020-09-07 13:22:17,0,user164,,,,0,1,2020-09-07 13:22:17
165,pbkdf2_sha256$180000$jxPVgv7bd62e$6JfHQ1yjtb8P8cUE9faCWBGDxBYJryGhD91xtUR9Pz8=,2020-09-07 13:22:17,0,user165,,,,0,1,2020-09-07 13:22:17
166,pbkdf2_sha256$180000$jxPVgv7bd62e$6JfHQ1yjtb8P8cUE9faCWBGDxBYJryGhD91xtUR9Pz8=,2020-09-07 13:22:17,0,user166,,,,0,1,2020-09-07 13:22:17
167,pbkdf2_sha256$180000$jxPVgv7bd62e$6JfHQ1yjtb8P8cUE9faCWBGDxBYJryGhD91xtUR9Pz8=,2020-09-07 13:22:17,0,user167,,,,0,1,2020-09-07 13:22:17
168,pbkdf2_sha256$180000$jxPVgv7bd62e$6JfHQ1yjtb8P8cUE9faCWBGDxBYJryGhD91xtUR9Pz8=,2020-09-07 13:22:17,0,user168,,,,0,1,2020-09-07 13:22:17
169,pbkdf2_sha256$180000$jxPVgv7bd62e$6JfHQ1yjtb8P8cUE9faCWBGDxBYJryGhD91xtUR9Pz8=,2020-09-07 13:22:17,0,user169,,,,0,1,2020-09-07 13:22:17
170,pbkdf2_sha256$180000$jxPVgv7bd62e$6JfHQ1yjtb8P8cUE9faCWBGDxBYJryGhD91xtUR9Pz8=,2020-09-07 13:22:17,0,user170,,,,0,1,2020-09-07 13:22:17
171,pbkdf2_sha256$180000$jxPVgv7bd62e$6JfHQ1yjtb8P8cUE9faCWBGDxBYJryGhD91xtUR9Pz8=,2020-09-07 13:22:17,0,user171,,,,0,1,2020-09-07 13:22:17
172,pbkdf2_sha256$180000$jxPVgv7bd62e$6JfHQ1yjtb8P8cUE9faCWBGDxBYJryGhD91xtUR9Pz8=,2020-09-07 13:22:17,0,user172,,,,0,1,2020-09-07 13:22:17
173,pbkdf2_sha256$180000$jxPVgv7bd62e$6JfHQ1yjtb8P8cUE9faCWBGDxBYJryGhD91xtUR9Pz8=,2020-09-07 13:22:17,0,user173,,,,0,1,2020-09-07 13:22:17
174,pbkdf2_sha256$180000$jxPVgv7bd62e$6JfHQ1yjtb8P8cUE9faCWBGDxBYJryGhD91xtUR9Pz8=,2020-09-07 13:22:17,0,user174,,,,0,1,2020-09-07 13:22:17
175,pbkdf2_sha256$180000$jxPVgv7bd62e$6JfHQ1yjtb8P8cUE9faCWBGDxBYJryGhD91xtUR9Pz8=,2020-09-07 13:22:17,0,user175,,,,0,1,2020-09-07 13:22:17
176,pbkdf2_sha256$180000$jxPVgv7bd62e$6JfHQ1yjtb8P8cUE9faCWBGDxBYJryGhD91xtUR9Pz8=,2020-09-07 13:22:17,0,user176,,,,0,1,2020-09-07 13:22:17
177,pbkdf2_sha256$180000$jxPVgv7bd62e$6JfHQ1yjtb8P8cUE9faCWBGDxBYJryGhD91xtUR9Pz8=,2020-09-07 13:22:17,0,user177,,,,0,1,2020-09-07 13:22:17
178,pbkdf2_sha256$180000$jxPVgv7bd62e$6JfHQ1yjtb8P8cUE9faCWBGDxBYJryGhD91xtUR9Pz8=,2020-09-07 13:22:17,0,user178,,,,0,1,2020-09-07 13:22:17
179,pbkdf2_sha256$180000$jxPVgv7bd62e$6JfHQ1yjtb8P8cUE9faCWBGDxBYJryGhD91xtUR9Pz8=,2020-09-07 13:22:17,0,user179,,,,0,1,2020-09-07 13:22:17
180,pbkdf2_sha256$180000$jxPVgv7bd62e$6JfHQ1yjtb8P8cUE9faCWBGDxBYJryGhD91xtUR9Pz8=,2020-09-07 13:22:17,0,user180,,,,0,1,2020-09-07 13:22:17
181,pbkdf2_sha256$180000$jxPVgv7bd62e$6JfHQ1yjtb8P8cUE9faCWBGDxBYJryGhD91xtUR9Pz8=,2020-09-07 13:22:17,0,user181,,,,0,1,2020-09-07 13:22:17
182,pbkdf2_sha256$180000$jxPVgv7bd62e$6JfHQ1yjtb8P8cUE9faCWBGDxBYJryGhD91xtUR9Pz8=,2020-09-07 13:22:17,0,user182,,,,0,1,2020-09-07 13:22:17
183,pbkdf2_sha256$180000$jxPVgv7bd62e$6JfHQ1yjtb8P8cUE9faCWBGDxBYJryGhD91xtUR9Pz8=,2020-09-07 13:22:17,0,user183,,,,0,1,2020-09-07 13:22:17
184,pbkdf2_sha256$180000$jxPVgv7bd62e$6JfHQ1yjtb8P8cUE9faCWBGDxBYJryGhD91xtUR9Pz8=,2020-09-07 13:22:17,0,user184,,,,0,1,2020-09-07 13:22:17
185,pbkdf2_sha256$180000$jxPVgv7bd62e$6JfHQ1yjtb8P8cUE9faCWBGDxBYJryGhD91xtUR9Pz8=,2020-09-07 13:22:17,0,user185,,,,0,1,2020-09-07 13:22:17
186,pbkdf2_sha256$180000$jxPVgv7bd62e$6JfHQ1yjtb8P8cUE9faCWBGDxBYJryGhD91xtUR9Pz8=,2020-09-07 13:22:17,0,user186,,,,0,1,2020-09-07 13:22:17
187,pbkdf2_sha256$180000$jxPVgv7bd62e$6JfHQ1yjtb8P8cUE9faCWBGDxBYJryGhD91xtUR9Pz8=,2020-09-07 13:22:17,0,user187,,,,0,1,2020-09-07 13:22:17
188,pbkdf2_sha256$180000$jxPVgv7bd62e$6JfHQ1yjtb8P8cUE9faCWBGDxBYJryGhD91xtUR9Pz8=,2020-09-07 13:22:17,0,user188,,,,0,1,2020-09-07 13:22:17
189,pbkdf2_sha256$180000$jxPVgv7bd62e$6JfHQ1yjtb8P8cUE9faCWBGDxBYJryGhD91xtUR9Pz8=,2020-09-07 13:22:17,0,user189,,,,0,1,2020-09-07 13:22:17
190,pbkdf2_sha256$180000$jxPVgv7bd62e$6JfHQ1yjtb8P8cUE9faCWBGDxBYJryGhD91xtUR9Pz8=,2020-09-07 13:22:17,0,user190,,,,0,1,2020-09-07 13:22:17
191,pbkdf2_sha256$180000$jxPVgv7bd62e$6JfHQ1yjtb8P8cUE9faCWBGDxBYJryGhD91xtUR9Pz8=,2020-09-07 13:22:17,0,user191,,,,0,1,2020-09-07 13:22:17
192,pbkdf2_sha256$180000$jxPVgv7bd62e$6JfHQ1yjtb8P8cUE9faCWBGDxBYJryGhD91xtUR9Pz8=,2020-09-07 13:22:17,0,user192,,,,0,1,2020-09-07 13:22:17
193,pbkdf2_sha256$180000$jxPVgv7bd62e$6JfHQ1yjtb8P8cUE9faCWBGDxBYJryGhD91xtUR9Pz8=,2020-09-07 13:22:17,0,user193,,,,0,1,2020-09-07 13:22:17
194,pbkdf2_sha256$180000$jxPVgv7bd62e$6JfHQ1yjtb8P8cUE9faCWBGDxBYJryGhD91xtUR9Pz8=,2020-09-07 13:22:17,0,user194,,,,0,1,2020-09-07 13:22:17
195,pbkdf2_sha256$180000$jxPVgv7bd62e$6JfHQ1yjtb8P8cUE9faCWBGDxBYJryGhD91xtUR9Pz8=,2020-09-07 13:22:17,0,user195,,,,0,1,2020-09-07 13:22:17
196,pbkdf2_sha256$180000$jxPVgv7bd62e$6JfHQ1yjtb8P8cUE9faCWBGDxBYJryGhD91xtUR9Pz8=,2020-09-07 13:22:17,0,user196,,,,0,1,2020-09-07 13:22:17
197,pbkdf2_sha256$180000$jxPVgv7bd62e$6JfHQ1yjtb8P8cUE9faCWBGDxBYJryGhD91xtUR9Pz8=,2020-09-07 13:22:17,0,user197,,,,0,1,2020-09-07 13:22:17
198,pbkdf2_sha256$180000$jxPVgv7bd62e$6JfHQ1yjtb8P8cUE9faCWBGDxBYJryGhD91xtUR9Pz8=,2020-09-07 13:22:17,0,user198,,,,0,1,2020-09-07 13:22:17
199,pbkdf2_sha256$180000$jxPVgv7bd62e$6JfHQ1yjtb8P8cUE9faCWBGDxBYJryGhD91xtUR9Pz8=,2020-09-07 13:22:17,0,user199,,,,0,1,2020-09-07 13:22:17
200,pbkdf2_sha256$180000$jxPVgv7bd62e$6JfHQ1yjtb8P8cUE9faCWBGDxBYJryGhD91xtUR9Pz8=,2020-09-07 13:22:17,0,user200,,,,0,1,2020-09-07 13:22:17
201,pbkdf2_sha256$180000$jxPVgv7bd62e$6JfHQ1yjtb8P8cUE9faCWBGDxBYJryGhD91xtUR9Pz8=,2020-09-07 13:22:17,0,user201,,,,0,1,2020-09-07 13:22:17
202,pbkdf2_sha256$180000$jxPVgv7bd62e$6JfHQ1yjtb8P8cUE9faCWBGDxBYJryGhD91xtUR9Pz8=,2020-09-07 13:22:17,0,user202,,,,0,1,2020-09-07 13:22:17
203,pbkdf2_sha256$180000$jxPVgv7bd62e$6JfHQ1yjtb8P8cUE9faCWBGDxBYJryGhD91xtUR9Pz8=,2020-09-07 13:22:17,0,user203,,,,0,1,2020-09-07 13:22:17
204,pbkdf2_sha256$180000$jxPVgv7bd62e$6JfHQ1yjtb8P8cUE9faCWBGDxBYJryGhD91xtUR9Pz8=,2020-09-07 13:22:17,0,user204,,,,0,1,2020-09-07 13:22:17
205,pbkdf2_sha256$180000$jxPVgv7bd62e$6JfHQ1yjtb8P8cUE9faCWBGDxBYJryGhD91xtUR9Pz8=,2020-09-07 13:22:17,0,user205,,,,0,1,2020-09-07 13:22:17
206,pbkdf2_sha256$180000$jxPVgv7bd62e$6JfHQ1yjtb8P8cUE9faCWBGDxBYJryGhD91xtUR9Pz8=,2020-09-07 13:22:17,0,user206,,,,0,1,2020-09-07 13:22:17
207,pbkdf2_sha256$180000$jxPVgv7bd62e$6JfHQ1yjtb8P8cUE9faCWBGDxBYJryGhD91xtUR9Pz8=,2020-09-07 13:22:17,0,user207,,,,0,1,2020-09-07 13:22:17
208,pbkdf2_sha256$180000$jxPVgv7bd62e$6JfHQ1yjtb8P8cUE9faCWBGDxBYJryGhD91xtUR9Pz8=,2020-09-07 13:22:17,0,user208,,,,0,1,2020-09-07 13:22:17
209,pbkdf2_sha256$180000$jxPVgv7bd62e$6JfHQ1yjtb8P8cUE9faCWBGDxBYJryGhD91xtUR9Pz8=,2020-09-07 13:22:17,0,user209,,,,0,1,2020-09-07 13:22:17
210,pbkdf2_sha256$180000$jxPVgv7bd62e$6JfHQ1yjtb8P8cUE9faCWBGDxBYJryGhD91xtUR9Pz8=,2020-09-07 13:22:17,0,user210,,,,0,1,2020-09-07 13:22:17
211,pbkdf2_sha256$180000$jxPVgv7bd62e$6JfHQ1yjtb8P8cUE9faCWBGDxBYJryGhD91xtUR9Pz8=,2020-09-07 13:22:17,0,user211,,,,0,1,2020-09-07 13:22:17
212,pbkdf2_sha256$180000$jxPVgv7bd62e$6JfHQ1yjtb8P8cUE9faCWBGDxBYJryGhD91xtUR9Pz8=,2020-09-07 13:22:17,0,user212,,,,0,1,2020-09-07 13:22:17
213,pbkdf2_sha256$180000$jxPVgv7bd62e$6JfHQ1yjtb8P8cUE9faCWBGDxBYJryGhD91xtUR9Pz8=,2020-09-07 13:22:17,0,user213,,,,0,1,2020-09-07 13:22:17
214,pbkdf2_sha256$180000$jxPVgv7bd62e$6JfHQ1yjtb8P8cUE9faCWBGDxBYJryGhD91xtUR9Pz8=,2020-09-07 13:22:17,0,user214,,,,0,1,2020-09-07 13:22:17
215,pbkdf2_sha256$180000$jxPVgv7bd62e$6JfHQ1yjtb8P8cUE9faCWBGDxBYJryGhD91xtUR9Pz8=,2020-09-07 13:22:17,0,user215,,,,0,1,2020-09-07 13:22:17
216,pbkdf2_sha256$180000$jxPVgv7bd62e$6JfHQ1yjtb8P8cUE9faCWBGDxBYJryGhD91xtUR9Pz8=,2020-09-07 13:22:17,0,user216,,,,0,1,2020-09-07 13:22:17
217,pbkdf2_sha256$180000$jxPVgv7bd62e$6JfHQ1yjtb8P8cUE9faCWBGDxBYJryGhD91xtUR9Pz8=,2020-09-07 13:22:17,0,user217,,,,0,1,2020-09-07 13:22:17
218,pbkdf2_sha256$180000$jxPVgv7bd62e$6JfHQ1yjtb8P8cUE9faCWBGDxBYJryGhD91xtUR9Pz8=,2020-09-07 13:22:17,0,user218,,,,0,1,2020-09-07 13:22:17
219,pbkdf2_sha256$180000$jxPVgv7bd62e$6JfHQ1yjtb8P8cUE9faCWBGDxBYJryGhD91xtUR9Pz8=,2020-09-07 13:22:17,0,user219,,,,0,1,2020-09-07 13:22:17
220,pbkdf2_sha256$180000$jxPVgv7bd62e$6JfHQ1yjtb8P8cUE9faCWBGDxBYJryGhD91xtUR9Pz8=,2020-09-07 13:22:17,0,user220,,,,0,1,2020-09-07 13:22:17
221,pbkdf2_sha256$180000$jxPVgv7bd62e$6JfHQ1yjtb8P8cUE9faCWBGDxBYJryGhD91xtUR9Pz8=,2020-09-07 13:22:17,0,user221,,,,0,1,2020-09-07 13:22:17
222,pbkdf2_sha256$180000$jxPVgv7bd62e$6JfHQ1yjtb8P8cUE9faCWBGDxBYJryGhD91xtUR9Pz8=,2020-09-07 13:22:17,0,user222,,,,0,1,2020-09-07 13:22:17
223,pbkdf2_sha256$180000$jxPVgv7bd62e$6JfHQ1yjtb8P8cUE9faCWBGDxBYJryGhD91xtUR9Pz8=,2020-09-07 13:22:17,0,user223,,,,0,1,2020-09-07 13:22:17
224,pbkdf2_sha256$180000$jxPVgv7bd62e$6JfHQ1yjtb8P8cUE9faCWBGDxBYJryGhD91xtUR9Pz8=,2020-09-07 13:22:17,0,user224,,,,0,1,2020-09-07 13:22:17
225,pbkdf2_sha256$180000$jxPVgv7bd62e$6JfHQ1yjtb8P8cUE9faCWBGDxBYJryGhD91xtUR9Pz8=,2020-09-07 13:22:17,0,user225,,,,0,1,2020-09-07 13:22:17
226,pbkdf2_sha256$180000$jxPVgv7bd62e$6JfHQ1yjtb8P8cUE9faCWBGDxBYJryGhD91xtUR9Pz8=,2020-09-07 13:22:17,0,user226,,,,0,1,2020-09-07 13:22:17
227,pbkdf2_sha256$180000$jxPVgv7bd62e$6JfHQ1yjtb8P8cUE9faCWBGDxBYJryGhD91xtUR9Pz8=,2020-09-07 13:22:17,0,user227,,,,0,1,2020-09-07 13:22:17
228,pbkdf2_sha256$180000$jxPVgv7bd62e$6JfHQ1yjtb8P8cUE9faCWBGDxBYJryGhD91xtUR9Pz8=,2020-09-07 13:22:17,0,user228,,,,0,1,2020-09-07 13:22:17
229,pbkdf2_sha256$180000$jxPVgv7bd62e$6JfHQ1yjtb8P8cUE9faCWBGDxBYJryGhD91xtUR9Pz8=,2020-09-07 13:22:17,0,user229,,,,0,1,2020-09-07 13:22:17
230,pbkdf2_sha256$180000$jxPVgv7bd62e$6JfHQ1yjtb8P8cUE9faCWBGDxBYJryGhD91xtUR9Pz8=,2020-09-07 13:22:17,0,user230,,,,0,1,2020-09-07 13:22:17
231,pbkdf2_sha256$180000$jxPVgv7bd62e$6JfHQ1yjtb8P8cUE9faCWBGDxBYJryGhD91xtUR9Pz8=,2020-09-07 13:22:17,0,user231,,,,0,1,2020-09-07 13:22:17
232,pbkdf2_sha256$180000$jxPVgv7bd62e$6JfHQ1yjtb8P8cUE9faCWBGDxBYJryGhD91xtUR9Pz8=,2020-09-07 13:22:17,0,user232,,,,0,1,2020-09-07 13:22:17
233,pbkdf2_sha256$180000$jxPVgv7bd62e$6JfHQ1yjtb8P8cUE9faCWBGDxBYJryGhD91xtUR9Pz8=,2020-09-07 13:22:17,0,user233,,,,0,1,2020-09-07 13:22:17
234,pbkdf2_sha256$180000$jxPVgv7bd62e$6JfHQ1yjtb8P8cUE9faCWBGDxBYJryGhD91xtUR9Pz8=,2020-09-07 13:22:17,0,user234,,,,0,1,2020-09-07 13:22:17
235,pbkdf2_sha256$180000$jxPVgv7bd62e$6JfHQ1yjtb8P8cUE9faCWBGDxBYJryGhD91xtUR9Pz8=,2020-09-07 13:22:17,0,user235,,,,0,1,2020-09-07 13:22:17
236,pbkdf2_sha256$180000$jxPVgv7bd62e$6JfHQ1yjtb8P8cUE9faCWBGDxBYJryGhD91xtUR9Pz8=,2020-09-07 13:22:17,0,user236,,,,0,1,2020-09-07 13:22:17
237,pbkdf2_sha256$180000$jxPVgv7bd62e$6JfHQ1yjtb8P8cUE9faCWBGDxBYJryGhD91xtUR9Pz8=,2020-09-07 13:22:17,0,user237,,,,0,1,2020-09-07 13:22:17
238,pbkdf2_sha256$180000$jxPVgv7bd62e$6JfHQ1yjtb8P8cUE9faCWBGDxBYJryGhD91xtUR9Pz8=,2020-09-07 13:22:17,0,user238,,,,0,1,2020-09-07 13:22:17
239,pbkdf2_sha256$180000$jxPVgv7bd62e$6JfHQ1yjtb8P8cUE9faCWBGDxBYJryGhD91xtUR9Pz8=,2020-09-07 13:22:17,0,user239,,,,0,1,2020-09-07 13:22:17
240,pbkdf2_sha256$180000$jxPVgv7bd62e$6JfHQ1yjtb8P8cUE9faCWBGDxBYJryGhD91xtUR9Pz8=,2020-09-07 13:22:17,0,user240,,,,0,1,2020-09-07 13:22:17
241,pbkdf2_sha256$180000$jxPVgv7bd62e$6JfHQ1yjtb8P8cUE9faCWBGDxBYJryGhD91xtUR9Pz8=,2020-09-07 13:22:17,0,user241,,,,0,1,2020-09-07 13:22:17
242,pbkdf2_sha256$180000$jxPVgv7bd62e$6JfHQ1yjtb8P8cUE9faCWBGDxBYJryGhD91xtUR9Pz8=,2020-09-07 13:22:17,0,user242,,,,0,1,2020-09-07 13:22:17
243,pbkdf2_sha256$180000$jxPVgv7bd62e$6JfHQ1yjtb8P8cUE9faCWBGDxBYJryGhD91xtUR9Pz8=,2020-09-07 13:22:17,0,user243,,,,0,1,2020-09-07 13:22:17
244,pbkdf2_sha256$180000$jxPVgv7bd62e$6JfHQ1yjtb8P8cUE9faCWBGDxBYJryGhD91xtUR9Pz8=,2020-09-07 13:22:17,0,user244,,,,0,1,2020-09-07 13:22:17
245,pbkdf2_sha256$180000$jxPVgv7bd62e$6JfHQ1yjtb8P8cUE9faCWBGDxBYJryGhD91xtUR9Pz8=,2020-09-07 13:22:17,0,user245,,,,0,1,2020-09-07 13:22:17
246,pbkdf2_sha256$180000$jxPVgv7bd62e$6JfHQ1yjtb8P8cUE9faCWBGDxBYJryGhD91xtUR9Pz8=,2020-09-07 13:22:17,0,user246,,,,0,1,2020-09-07 13:22:17
247,pbkdf2_sha256$180000$jxPVgv7bd62e$6JfHQ1yjtb8P8cUE9faCWBGDxBYJryGhD91xtUR9Pz8=,2020-09-07 13:22:17,0,user247,,,,0,1,2020-09-07 13:22:17
248,pbkdf2_sha256$180000$jxPVgv7bd62e$6JfHQ1yjtb8P8cUE9faCWBGDxBYJryGhD91xtUR9Pz8=,2020-09-07 13:22:17,0,user248,,,,0,1,2020-09-07 13:22:17
249,pbkdf2_sha256$180000$jxPVgv7bd62e$6JfHQ1yjtb8P8cUE9faCWBGDxBYJryGhD91xtUR9Pz8=,2020-09-07 13:22:17,0,user249,,,,0,1,2020-09-07 13:22:17
250,pbkdf2_sha256$180000$jxPVgv7bd62e$6JfHQ1yjtb8P8cUE9faCWBGDxBYJryGhD91xtUR9Pz8=,2020-09-07 13:22:17,0,user250,,,,0,1,2020-09-07 13:22:17
251,pbkdf2_sha256$180000$jxPVgv7bd62e$6JfHQ1yjtb8P8cUE9faCWBGDxBYJryGhD91xtUR9Pz8=,2020-09-07 13:22:17,0,user251,,,,0,1,2020-09-07 13:22:17
252,pbkdf2_sha256$180000$jxPVgv7bd62e$6JfHQ1yjtb8P8cUE9faCWBGDxBYJryGhD91xtUR9Pz8=,2020-09-07 13:22:17,0,user252,,,,0,1,2020-09-07 13:22:17
253,pbkdf2_sha256$180000$jxPVgv7bd62e$6JfHQ1yjtb8P8cUE9faCWBGDxBYJryGhD91xtUR9Pz8=,2020-09-07 13:22:17,0,user253,,,,0,1,2020-09-07 13:22:17
254,pbkdf2_sha256$180000$jxPVgv7bd62e$6JfHQ1yjtb8P8cUE9faCWBGDxBYJryGhD91xtUR9Pz8=,2020-09-07 13:22:17,0,user254,,,,0,1,2020-09-07 13:22:17
255,pbkdf2_sha256$180000$jxPVgv7bd62e$6JfHQ1yjtb8P8cUE9faCWBGDxBYJryGhD91xtUR9Pz8=,2020-09-07 13:22:17,0,user255,,,,0,1,2020-09-07 13:22:17
256,pbkdf2_sha256$180000$jxPVgv7bd62e$6JfHQ1yjtb8P8cUE9faCWBGDxBYJryGhD91xtUR9Pz8=,2020-09-07 13:22:17,0,user256,,,,0,1,2020-09-07 13:22:17
257,pbkdf2_sha256$180000$jxPVgv7bd62e$6JfHQ1yjtb8P8cUE9faCWBGDxBYJryGhD91xtUR9Pz8=,2020-09-07 13:22:17,0,user257,,,,0,1,2020-09-07 13:22:17
258,pbkdf2_sha256$180000$jxPVgv7bd62e$6JfHQ1yjtb8P8cUE9faCWBGDxBYJryGhD91xtUR9Pz8=,2020-09-07 13:22:17,0,user258,,,,0,1,2020-09-07 13:22:17
259,pbkdf2_sha256$180000$jxPVgv7bd62e$6JfHQ1yjtb8P8cUE9faCWBGDxBYJryGhD91xtUR9Pz8=,2020-09-07 13:22:17,0,user259,,,,0,1,2020-09-07 13:22:17
260,pbkdf2_sha256$180000$jxPVgv7bd62e$6JfHQ1yjtb8P8cUE9faCWBGDxBYJryGhD91xtUR9Pz8=,2020-09-07 13:22:17,0,user260,,,,0,1,2020-09-07 13:22:17
261,pbkdf2_sha256$180000$jxPVgv7bd62e$6JfHQ1yjtb8P8cUE9faCWBGDxBYJryGhD91xtUR9Pz8=,2020-09-07 13:22:17,0,user261,,,,0,1,2020-09-07 13:22:17
262,pbkdf2_sha256$180000$jxPVgv7bd62e$6JfHQ1yjtb8P8cUE9faCWBGDxBYJryGhD91xtUR9Pz8=,2020-09-07 13:22:17,0,user262,,,,0,1,2020-09-07 13:22:17
263,pbkdf2_sha256$180000$jxPVgv7bd62e$6JfHQ1yjtb8P8cUE9faCWBGDxBYJryGhD91xtUR9Pz8=,2020-09-07 13:22:17,0,user263,,,,0,1,2020-09-07 13:22:17
264,pbkdf2_sha256$180000$jxPVgv7bd62e$6JfHQ1yjtb8P8cUE9faCWBGDxBYJryGhD91xtUR9Pz8=,2020-09-07 13:22:17,0,user264,,,,0,1,2020-09-07 13:22:17
265,pbkdf2_sha256$180000$jxPVgv7bd62e$6JfHQ1yjtb8P8cUE9faCWBGDxBYJryGhD91xtUR9Pz8=,2020-09-07 13:22:17,0,user265,,,,0,1,2020-09-07 13:22:17
266,pbkdf2_sha256$180000$jxPVgv7bd62e$6JfHQ1yjtb8P8cUE9faCWBGDxBYJryGhD91xtUR9Pz8=,2020-09-07 13:22:17,0,user266,,,,0,1,2020-09-07 13:22:17
267,pbkdf2_sha256$180000$jxPVgv7bd62e$6JfHQ1yjtb8P8cUE9faCWBGDxBYJryGhD91xtUR9Pz8=,2020-09-07 13:22:17,0,user267,,,,0,1,2020-09-07 13:22:17
268,pbkdf2_sha256$180000$jxPVgv7bd62e$6JfHQ1yjtb8P8cUE9faCWBGDxBYJryGhD91xtUR9Pz8=,2020-09-07 13:22:17,0,user268,,,,0,1,2020-09-07 13:22:17
269,pbkdf2_sha256$180000$jxPVgv7bd62e$6JfHQ1yjtb8P8cUE9faCWBGDxBYJryGhD91xtUR9Pz8=,2020-09-07 13:22:17,0,user269,,,,0,1,2020-09-07 13:22:17
270,pbkdf2_sha256$180000$jxPVgv7bd62e$6JfHQ1yjtb8P8cUE9faCWBGDxBYJryGhD91xtUR9Pz8=,2020-09-07 13:22:17,0,user270,,,,0,1,2020-09-07 13:22:17
271,pbkdf2_sha256$180000$jxPVgv7bd62e$6JfHQ1yjtb8P8cUE9faCWBGDxBYJryGhD91xtUR9Pz8=,2020-09-07 13:22:17,0,user271,,,,0,1,2020-09-07 13:22:17
272,pbkdf2_sha256$180000$jxPVgv7bd62e$6JfHQ1yjtb8P8cUE9faCWBGDxBYJryGhD91xtUR9Pz8=,2020-09-07 13:22:17,0,user272,,,,0,1,2020-09-07 13:22:17
273,pbkdf2_sha256$180000$jxPVgv7bd62e$6JfHQ1yjtb8P8cUE9faCWBGDxBYJryGhD91xtUR9Pz8=,2020-09-07 13:22:17,0,user273,,,,0,1,2020-09-07 13:22:17
274,pbkdf2_sha256$180000$jxPVgv7bd62e$6JfHQ1yjtb8P8cUE9faCWBGDxBYJryGhD91xtUR9Pz8=,2020-09-07 13:22:17,0,user274,,,,0,1,2020-09-07 13:22:17
275,pbkdf2_sha256$180000$jxPVgv7bd62e$6JfHQ1yjtb8P8cUE9faCWBGDxBYJryGhD91xtUR9Pz8=,2020-09-07 13:22:17,0,user275,,,,0,1,2020-09-07 13:22:17
276,pbkdf2_sha256$180000$jxPVgv7bd62e$6JfHQ1yjtb8P8cUE9faCWBGDxBYJryGhD91xtUR9Pz8=,2020-09-07 13:22:17,0,user276,,,,0,1,2020-09-07 13:22:17
277,pbkdf2_sha256$180000$jxPVgv7bd62e$6JfHQ1yjtb8P8cUE9faCWBGDxBYJryGhD91xtUR9Pz8=,2020-09-07 13:22:17,0,user277,,,,0,1,2020-09-07 13:22:17
278,pbkdf2_sha256$180000$jxPVgv7bd62e$6JfHQ1yjtb8P8cUE9faCWBGDxBYJryGhD91xtUR9Pz8=,2020-09-07 13:22:17,0,user278,,,,0,1,2020-09-07 13:22:17
279,pbkdf2_sha256$180000$jxPVgv7bd62e$6JfHQ1yjtb8P8cUE9faCWBGDxBYJryGhD91xtUR9Pz8=,2020-09-07 13:22:17,0,user279,,,,0,1,2020-09-07 13:22:17
280,pbkdf2_sha256$180000$jxPVgv7bd62e$6JfHQ1yjtb8P8cUE9faCWBGDxBYJryGhD91xtUR9Pz8=,2020-09-07 13:22:17,0,user280,,,,0,1,2020-09-07 13:22:17
281,pbkdf2_sha256$180000$jxPVgv7bd62e$6JfHQ1yjtb8P8cUE9faCWBGDxBYJryGhD91xtUR9Pz8=,2020-09-07 13:22:17,0,user281,,,,0,1,2020-09-07 13:22:17
282,pbkdf2_sha256$180000$jxPVgv7bd62e$6JfHQ1yjtb8P8cUE9faCWBGDxBYJryGhD91xtUR9Pz8=,2020-09-07 13:22:17,0,user282,,,,0,1,2020-09-07 13:22:17
283,pbkdf2_sha256$180000$jxPVgv7bd62e$6JfHQ1yjtb8P8cUE9faCWBGDxBYJryGhD91xtUR9Pz8=,2020-09-07 13:22:17,0,user283,,,,0,1,2020-09-07 13:22:17
284,pbkdf2_sha256$180000$jxPVgv7bd62e$6JfHQ1yjtb8P8cUE9faCWBGDxBYJryGhD91xtUR9Pz8=,2020-09-07 13:22:17,0,user284,,,,0,1,2020-09-07 13:22:17
285,pbkdf2_sha256$180000$jxPVgv7bd62e$6JfHQ1yjtb8P8cUE9faCWBGDxBYJryGhD91xtUR9Pz8=,2020-09-07 13:22:17,0,user285,,,,0,1,2020-09-07 13:22:17
286,pbkdf2_sha256$180000$jxPVgv7bd62e$6JfHQ1yjtb8P8cUE9faCWBGDxBYJryGhD91xtUR9Pz8=,2020-09-07 13:22:17,0,user286,,,,0,1,2020-09-07 13:22:17
287,pbkdf2_sha256$180000$jxPVgv7bd62e$6JfHQ1yjtb8P8cUE9faCWBGDxBYJryGhD91xtUR9Pz8=,2020-09-07 13:22:17,0,user287,,,,0,1,2020-09-07 13:22:17
288,pbkdf2_sha256$180000$jxPVgv7bd62e$6JfHQ1yjtb8P8cUE9faCWBGDxBYJryGhD91xtUR9Pz8=,2020-09-07 13:22:17,0,user288,,,,0,1,2020-09-07 13:22:17
289,pbkdf2_sha256$180000$jxPVgv7bd62e$6JfHQ1yjtb8P8cUE9faCWBGDxBYJryGhD91xtUR9Pz8=,2020-09-07 13:22:17,0,user289,,,,0,1,2020-09-07 13:22:17
290,pbkdf2_sha256$180000$jxPVgv7bd62e$6JfHQ1yjtb8P8cUE9faCWBGDxBYJryGhD91xtUR9Pz8=,2020-09-07 13:22:17,0,user290,,,,0,1,2020-09-07 13:22:17
291,pbkdf2_sha256$180000$jxPVgv7bd62e$6JfHQ1yjtb8P8cUE9faCWBGDxBYJryGhD91xtUR9Pz8=,2020-09-07 13:22:17,0,user291,,,,0,1,2020-09-07 13:22:17
292,pbkdf2_sha256$180000$jxPVgv7bd62e$6JfHQ1yjtb8P8cUE9faCWBGDxBYJryGhD91xtUR9Pz8=,2020-09-07 13:22:17,0,user292,,,,0,1,2020-09-07 13:22:17
293,pbkdf2_sha256$180000$jxPVgv7bd62e$6JfHQ1yjtb8P8cUE9faCWBGDxBYJryGhD91xtUR9Pz8=,2020-09-07 13:22:17,0,user293,,,,0,1,2020-09-07 13:22:17
294,pbkdf2_sha256$180000$jxPVgv7bd62e$6JfHQ1yjtb8P8cUE9faCWBGDxBYJryGhD91xtUR9Pz8=,2020-09-07 13:22:17,0,user294,,,,0,1,2020-09-07 13:22:17
295,pbkdf2_sha256$180000$jxPVgv7bd62e$6JfHQ1yjtb8P8cUE9faCWBGDxBYJryGhD91xtUR9Pz8=,2020-09-07 13:22:17,0,user295,,,,0,1,2020-09-07 13:22:17
296,pbkdf2_sha256$180000$jxPVgv7bd62e$6JfHQ1yjtb8P8cUE9faCWBGDxBYJryGhD91xtUR9Pz8=,2020-09-07 13:22:17,0,user296,,,,0,1,2020-09-07 13:22:17
297,pbkdf2_sha256$180000$jxPVgv7bd62e$6JfHQ1yjtb8P8cUE9faCWBGDxBYJryGhD91xtUR9Pz8=,2020-09-07 13:22:17,0,user297,,,,0,1,2020-09-07 13:22:17
298,pbkdf2_sha256$180000$jxPVgv7bd62e$6JfHQ1yjtb8P8cUE9faCWBGDxBYJryGhD91xtUR9Pz8=,2020-09-07 13:22:17,0,user298,,,,0,1,2020-09-07 13:22:17
299,pbkdf2_sha256$180000$jxPVgv7bd62e$6JfHQ1yjtb8P8cUE9faCWBGDxBYJryGhD91xtUR9Pz8=,2020-09-07 13:22:17,0,user299,,,,0,1,2020-09-07 13:22:17
300,pbkdf2_sha256$180000$jxPVgv7bd62e$6JfHQ1yjtb8P8cUE9faCWBGDxBYJryGhD91xtUR9Pz8=,2020-09-07 13:22:17,0,user300,,,,0,1,2020-09-07 13:22:17
301,pbkdf2_sha256$180000$jxPVgv7bd62e$6JfHQ1yjtb8P8cUE9faCWBGDxBYJryGhD91xtUR9Pz8=,2020-09-07 13:22:17,0,user301,,,,0,1,2020-09-07 13:22:17
302,pbkdf2_sha256$180000$jxPVgv7bd62e$6JfHQ1yjtb8P8cUE9faCWBGDxBYJryGhD91xtUR9Pz8=,2020-09-07 13:22:17,0,user302,,,,0,1,2020-09-07 13:22:17
303,pbkdf2_sha256$180000$jxPVgv7bd62e$6JfHQ1yjtb8P8cUE9faCWBGDxBYJryGhD91xtUR9Pz8=,2020-09-07 13:22:17,0,user303,,,,0,1,2020-09-07 13:22:17
304,pbkdf2_sha256$180000$jxPVgv7bd62e$6JfHQ1yjtb8P8cUE9faCWBGDxBYJryGhD91xtUR9Pz8=,2020-09-07 13:22:17,0,user304,,,,0,1,2020-09-07 13:22:17
305,pbkdf2_sha256$180000$jxPVgv7bd62e$6JfHQ1yjtb8P8cUE9faCWBGDxBYJryGhD91xtUR9Pz8=,2020-09-07 13:22:17,0,user305,,,,0,1,2020-09-07 13:22:17
306,pbkdf2_sha256$180000$jxPVgv7bd62e$6JfHQ1yjtb8P8cUE9faCWBGDxBYJryGhD91xtUR9Pz8=,2020-09-07 13:22:17,0,user306,,,,0,1,2020-09-07 13:22:17
307,pbkdf2_sha256$180000$jxPVgv7bd62e$6JfHQ1yjtb8P8cUE9faCWBGDxBYJryGhD91xtUR9Pz8=,2020-09-07 13:22:17,0,user307,,,,0,1,2020-09-07 13:22:17
308,pbkdf2_sha256$180000$jxPVgv7bd62e$6JfHQ1yjtb8P8cUE9faCWBGDxBYJryGhD91xtUR9Pz8=,2020-09-07 13:22:17,0,user308,,,,0,1,2020-09-07 13:22:17
309,pbkdf2_sha256$180000$jxPVgv7bd62e$6JfHQ1yjtb8P8cUE9faCWBGDxBYJryGhD91xtUR9Pz8=,2020-09-07 13:22:17,0,user309,,,,0,1,2020-09-07 13:22:17
310,pbkdf2_sha256$180000$jxPVgv7bd62e$6JfHQ1yjtb8P8cUE9faCWBGDxBYJryGhD91xtUR9Pz8=,2020-09-07 13:22:17,0,user310,,,,0,1,2020-09-07 13:22:17
311,pbkdf2_sha256$180000$jxPVgv7bd62e$6JfHQ1yjtb8P8cUE9faCWBGDxBYJryGhD91xtUR9Pz8=,2020-09-07 13:22:17,0,user311,,,,0,1,2020-09-07 13:22:17
312,pbkdf2_sha256$180000$jxPVgv7bd62e$6JfHQ1yjtb8P8cUE9faCWBGDxBYJryGhD91xtUR9Pz8=,2020-09-07 13:22:17,0,user312,,,,0,1,2020-09-07 13:22:17
313,pbkdf2_sha256$180000$jxPVgv7bd62e$6JfHQ1yjtb8P8cUE9faCWBGDxBYJryGhD91xtUR9Pz8=,2020-09-07 13:22:17,0,user313,,,,0,1,2020-09-07 13:22:17
314,pbkdf2_sha256$180000$jxPVgv7bd62e$6JfHQ1yjtb8P8cUE9faCWBGDxBYJryGhD91xtUR9Pz8=,2020-09-07 13:22:17,0,user314,,,,0,1,2020-09-07 13:22:17
315,pbkdf2_sha256$180000$jxPVgv7bd62e$6JfHQ1yjtb8P8cUE9faCWBGDxBYJryGhD91xtUR9Pz8=,2020-09-07 13:22:17,0,user315,,,,0,1,2020-09-07 13:22:17
316,pbkdf2_sha256$180000$jxPVgv7bd62e$6JfHQ1yjtb8P8cUE9faCWBGDxBYJryGhD91xtUR9Pz8=,2020-09-07 13:22:17,0,user316,,,,0,1,2020-09-07 13:22:17
317,pbkdf2_sha256$180000$jxPVgv7bd62e$6JfHQ1yjtb8P8cUE9faCWBGDxBYJryGhD91xtUR9Pz8=,2020-09-07 13:22:17,0,user317,,,,0,1,2020-09-07 13:22:17
318,pbkdf2_sha256$180000$jxPVgv7bd62e$6JfHQ1yjtb8P8cUE9faCWBGDxBYJryGhD91xtUR9Pz8=,2020-09-07 13:22:17,0,user318,,,,0,1,2020-09-07 13:22:17
319,pbkdf2_sha256$180000$jxPVgv7bd62e$6JfHQ1yjtb8P8cUE9faCWBGDxBYJryGhD91xtUR9Pz8=,2020-09-07 13:22:17,0,user319,,,,0,1,2020-09-07 13:22:17
320,pbkdf2_sha256$180000$jxPVgv7bd62e$6JfHQ1yjtb8P8cUE9faCWBGDxBYJryGhD91xtUR9Pz8=,2020-09-07 13:22:17,0,user320,,,,0,1,2020-09-07 13:22:17
321,pbkdf2_sha256$180000$jxPVgv7bd62e$6JfHQ1yjtb8P8cUE9faCWBGDxBYJryGhD91xtUR9Pz8=,2020-09-07 13:22:17,0,user321,,,,0,1,2020-09-07 13:22:17
322,pbkdf2_sha256$180000$jxPVgv7bd62e$6JfHQ1yjtb8P8cUE9faCWBGDxBYJryGhD91xtUR9Pz8=,2020-09-07 13:22:17,0,user322,,,,0,1,2020-09-07 13:22:17
323,pbkdf2_sha256$180000$jxPVgv7bd62e$6JfHQ1yjtb8P8cUE9faCWBGDxBYJryGhD91xtUR9Pz8=,2020-09-07 13:22:17,0,user323,,,,0,1,2020-09-07 13:22:17
324,pbkdf2_sha256$180000$jxPVgv7bd62e$6JfHQ1yjtb8P8cUE9faCWBGDxBYJryGhD91xtUR9Pz8=,2020-09-07 13:22:17,0,user324,,,,0,1,2020-09-07 13:22:17
325,pbkdf2_sha256$180000$jxPVgv7bd62e$6JfHQ1yjtb8P8cUE9faCWBGDxBYJryGhD91xtUR9Pz8=,2020-09-07 13:22:17,0,user325,,,,0,1,2020-09-07 13:22:17
326,pbkdf2_sha256$180000$jxPVgv7bd62e$6JfHQ1yjtb8P8cUE9faCWBGDxBYJryGhD91xtUR9Pz8=,2020-09-07 13:22:17,0,user326,,,,0,1,2020-09-07 13:22:17
327,pbkdf2_sha256$180000$jxPVgv7bd62e$6JfHQ1yjtb8P8cUE9faCWBGDxBYJryGhD91xtUR9Pz8=,2020-09-07 13:22:17,0,user327,,,,0,1,2020-09-07 13:22:17
328,pbkdf2_sha256$180000$jxPVgv7bd62e$6JfHQ1yjtb8P8cUE9faCWBGDxBYJryGhD91xtUR9Pz8=,2020-09-07 13:22:17,0,user328,,,,0,1,2020-09-07 13:22:17
329,pbkdf2_sha256$180000$jxPVgv7bd62e$6JfHQ1yjtb8P8cUE9faCWBGDxBYJryGhD91xtUR9Pz8=,2020-09-07 13:22:17,0,user329,,,,0,1,2020-09-07 13:22:17
330,pbkdf2_sha256$180000$jxPVgv7bd62e$6JfHQ1yjtb8P8cUE9faCWBGDxBYJryGhD91xtUR9Pz8=,2020-09-07 13:22:17,0,user330,,,,0,1,2020-09-07 13:22:17
331,pbkdf2_sha256$180000$jxPVgv7bd62e$6JfHQ1yjtb8P8cUE9faCWBGDxBYJryGhD91xtUR9Pz8=,2020-09-07 13:22:17,0,user331,,,,0,1,2020-09-07 13:22:17
332,pbkdf2_sha256$180000$jxPVgv7bd62e$6JfHQ1yjtb8P8cUE9faCWBGDxBYJryGhD91xtUR9Pz8=,2020-09-07 13:22:17,0,user332,,,,0,1,2020-09-07 13:22:17
333,pbkdf2_sha256$180000$jxPVgv7bd62e$6JfHQ1yjtb8P8cUE9faCWBGDxBYJryGhD91xtUR9Pz8=,2020-09-07 13:22:17,0,user333,,,,0,1,2020-09-07 13:22:17
334,pbkdf2_sha256$180000$jxPVgv7bd62e$6JfHQ1yjtb8P8cUE9faCWBGDxBYJryGhD91xtUR9Pz8=,2020-09-07 13:22:17,0,user334,,,,0,1,2020-09-07 13:22:17
335,pbkdf2_sha256$180000$jxPVgv7bd62e$6JfHQ1yjtb8P8cUE9faCWBGDxBYJryGhD91xtUR9Pz8=,2020-09-07 13:22:17,0,user335,,,,0,1,2020-09-07 13:22:17
336,pbkdf2_sha256$180000$jxPVgv7bd62e$6JfHQ1yjtb8P8cUE9faCWBGDxBYJryGhD91xtUR9Pz8=,2020-09-07 13:22:17,0,user336,,,,0,1,2020-09-07 13:22:17
337,pbkdf2_sha256$180000$jxPVgv7bd62e$6JfHQ1yjtb8P8cUE9faCWBGDxBYJryGhD91xtUR9Pz8=,2020-09-07 13:22:17,0,user337,,,,0,1,2020-09-07 13:22:17
338,pbkdf2_sha256$180000$jxPVgv7bd62e$6JfHQ1yjtb8P8cUE9faCWBGDxBYJryGhD91xtUR9Pz8=,2020-09-07 13:22:17,0,user338,,,,0,1,2020-09-07 13:22:17
339,pbkdf2_sha256$180000$jxPVgv7bd62e$6JfHQ1yjtb8P8cUE9faCWBGDxBYJryGhD91xtUR9Pz8=,2020-09-07 13:22:17,0,user339,,,,0,1,2020-09-07 13:22:17
340,pbkdf2_sha256$180000$jxPVgv7bd62e$6JfHQ1yjtb8P8cUE9faCWBGDxBYJryGhD91xtUR9Pz8=,2020-09-07 13:22:17,0,user340,,,,0,1,2020-09-07 13:22:17
341,pbkdf2_sha256$180000$jxPVgv7bd62e$6JfHQ1yjtb8P8cUE9faCWBGDxBYJryGhD91xtUR9Pz8=,2020-09-07 13:22:17,0,user341,,,,0,1,2020-09-07 13:22:17
342,pbkdf2_sha256$180000$jxPVgv7bd62e$6JfHQ1yjtb8P8cUE9faCWBGDxBYJryGhD91xtUR9Pz8=,2020-09-07 13:22:17,0,user342,,,,0,1,2020-09-07 13:22:17
343,pbkdf2_sha256$180000$jxPVgv7bd62e$6JfHQ1yjtb8P8cUE9faCWBGDxBYJryGhD91xtUR9Pz8=,2020-09-07 13:22:17,0,user343,,,,0,1,2020-09-07 13:22:17
344,pbkdf2_sha256$180000$jxPVgv7bd62e$6JfHQ1yjtb8P8cUE9faCWBGDxBYJryGhD91xtUR9Pz8=,2020-09-07 13:22:17,0,user344,,,,0,1,2020-09-07 13:22:17
345,pbkdf2_sha256$180000$jxPVgv7bd62e$6JfHQ1yjtb8P8cUE9faCWBGDxBYJryGhD91xtUR9Pz8=,2020-09-07 13:22:17,0,user345,,,,0,1,2020-09-07 13:22:17
346,pbkdf2_sha256$180000$jxPVgv7bd62e$6JfHQ1yjtb8P8cUE9faCWBGDxBYJryGhD91xtUR9Pz8=,2020-09-07 13:22:17,0,user346,,,,0,1,2020-09-07 13:22:17
347,pbkdf2_sha256$180000$jxPVgv7bd62e$6JfHQ1yjtb8P8cUE9faCWBGDxBYJryGhD91xtUR9Pz8=,2020-09-07 13:22:17,0,user347,,,,0,1,2020-09-07 13:22:17
348,pbkdf2_sha256$180000$jxPVgv7bd62e$6JfHQ1yjtb8P8cUE9faCWBGDxBYJryGhD91xtUR9Pz8=,2020-09-07 13:22:17,0,user348,,,,0,1,2020-09-07 13:22:17
349,pbkdf2_sha256$180000$jxPVgv7bd62e$6JfHQ1yjtb8P8cUE9faCWBGDxBYJryGhD91xtUR9Pz8=,2020-09-07 13:22:17,0,user349,,,,0,1,2020-09-07 13:22:17
350,pbkdf2_sha256$180000$jxPVgv7bd62e$6JfHQ1yjtb8P8cUE9faCWBGDxBYJryGhD91xtUR9Pz8=,2020-09-07 13:22:17,0,user350,,,,0,1,2020-09-07 13:22:17
351,pbkdf2_sha256$180000$jxPVgv7bd62e$6JfHQ1yjtb8P8cUE9faCWBGDxBYJryGhD91xtUR9Pz8=,2020-09-07 13:22:17,0,user351,,,,0,1,2020-09-07 13:22:17
352,pbkdf2_sha256$180000$jxPVgv7bd62e$6JfHQ1yjtb8P8cUE9faCWBGDxBYJryGhD91xtUR9Pz8=,2020-09-07 13:22:17,0,user352,,,,0,1,2020-09-07 13:22:17
353,pbkdf2_sha256$180000$jxPVgv7bd62e$6JfHQ1yjtb8P8cUE9faCWBGDxBYJryGhD91xtUR9Pz8=,2020-09-07 13:22:17,0,user353,,,,0,1,2020-09-07 13:22:17
354,pbkdf2_sha256$180000$jxPVgv7bd62e$6JfHQ1yjtb8P8cUE9faCWBGDxBYJryGhD91xtUR9Pz8=,2020-09-07 13:22:17,0,user354,,,,0,1,2020-09-07 13:22:17
355,pbkdf2_sha256$180000$jxPVgv7bd62e$6JfHQ1yjtb8P8cUE9faCWBGDxBYJryGhD91xtUR9Pz8=,2020-09-07 13:22:17,0,user355,,,,0,1,2020-09-07 13:22:17
356,pbkdf2_sha256$180000$jxPVgv7bd62e$6JfHQ1yjtb8P8cUE9faCWBGDxBYJryGhD91xtUR9Pz8=,2020-09-07 13:22:17,0,user356,,,,0,1,2020-09-07 13:22:17
357,pbkdf2_sha256$180000$jxPVgv7bd62e$6JfHQ1yjtb8P8cUE9faCWBGDxBYJryGhD91xtUR9Pz8=,2020-09-07 13:22:17,0,user357,,,,0,1,2020-09-07 13:22:17
358,pbkdf2_sha256$180000$jxPVgv7bd62e$6JfHQ1yjtb8P8cUE9faCWBGDxBYJryGhD91xtUR9Pz8=,2020-09-07 13:22:17,0,user358,,,,0,1,2020-09-07 13:22:17
359,pbkdf2_sha256$180000$jxPVgv7bd62e$6JfHQ1yjtb8P8cUE9faCWBGDxBYJryGhD91xtUR9Pz8=,2020-09-07 13:22:17,0,user359,,,,0,1,2020-09-07 13:22:17
360,pbkdf2_sha256$180000$jxPVgv7bd62e$6JfHQ1yjtb8P8cUE9faCWBGDxBYJryGhD91xtUR9Pz8=,2020-09-07 13:22:17,0,user360,,,,0,1,2020-09-07 13:22:17
361,pbkdf2_sha256$180000$jxPVgv7bd62e$6JfHQ1yjtb8P8cUE9faCWBGDxBYJryGhD91xtUR9Pz8=,2020-09-07 13:22:17,0,user361,,,,0,1,2020-09-07 13:22:17
362,pbkdf2_sha256$180000$jxPVgv7bd62e$6JfHQ1yjtb8P8cUE9faCWBGDxBYJryGhD91xtUR9Pz8=,2020-09-07 13:22:17,0,user362,,,,0,1,2020-09-07 13:22:17
363,pbkdf2_sha256$180000$jxPVgv7bd62e$6JfHQ1yjtb8P8cUE9faCWBGDxBYJryGhD91xtUR9Pz8=,2020-09-07 13:22:17,0,user363,,,,0,1,2020-09-07 13:22:17
364,pbkdf2_sha256$180000$jxPVgv7bd62e$6JfHQ1yjtb8P8cUE9faCWBGDxBYJryGhD91xtUR9Pz8=,2020-09-07 13:22:17,0,user364,,,,0,1,2020-09-07 13:22:17
365,pbkdf2_sha256$180000$jxPVgv7bd62e$6JfHQ1yjtb8P8cUE9faCWBGDxBYJryGhD91xtUR9Pz8=,2020-09-07 13:22:17,0,user365,,,,0,1,2020-09-07 13:22:17
366,pbkdf2_sha256$180000$jxPVgv7bd62e$6JfHQ1yjtb8P8cUE9faCWBGDxBYJryGhD91xtUR9Pz8=,2020-09-07 13:22:17,0,user366,,,,0,1,2020-09-07 13:22:17
367,pbkdf2_sha256$180000$jxPVgv7bd62e$6JfHQ1yjtb8P8cUE9faCWBGDxBYJryGhD91xtUR9Pz8=,2020-09-07 13:22:17,0,user367,,,,0,1,2020-09-07 13:22:17
368,pbkdf2_sha256$180000$jxPVgv7bd62e$6JfHQ1yjtb8P8cUE9faCWBGDxBYJryGhD91xtUR9Pz8=,2020-09-07 13:22:17,0,user368,,,,0,1,2020-09-07 13:22:17
369,pbkdf2_sha256$180000$jxPVgv7bd62e$6JfHQ1yjtb8P8cUE9faCWBGDxBYJryGhD91xtUR9Pz8=,2020-09-07 13:22:17,0,user369,,,,0,1,2020-09-07 13:22:17
370,pbkdf2_sha256$180000$jxPVgv7bd62e$6JfHQ1yjtb8P8cUE9faCWBGDxBYJryGhD91xtUR9Pz8=,2020-09-07 13:22:17,0,user370,,,,0,1,2020-09-07 13:22:17
371,pbkdf2_sha256$180000$jxPVgv7bd62e$6JfHQ1yjtb8P8cUE9faCWBGDxBYJryGhD91xtUR9Pz8=,2020-09-07 13:22:17,0,user371,,,,0,1,2020-09-07 13:22:17
372,pbkdf2_sha256$180000$jxPVgv7bd62e$6JfHQ1yjtb8P8cUE9faCWBGDxBYJryGhD91xtUR9Pz8=,2020-09-07 13:22:17,0,user372,,,,0,1,2020-09-07 13:22:17
373,pbkdf2_sha256$180000$jxPVgv7bd62e$6JfHQ1yjtb8P8cUE9faCWBGDxBYJryGhD91xtUR9Pz8=,2020-09-07 13:22:17,0,user373,,,,0,1,2020-09-07 13:22:17
374,pbkdf2_sha256$180000$jxPVgv7bd62e$6JfHQ1yjtb8P8cUE9faCWBGDxBYJryGhD91xtUR9Pz8=,2020-09-07 13:22:17,0,user374,,,,0,1,2020-09-07 13:22:17
375,pbkdf2_sha256$180000$jxPVgv7bd62e$6JfHQ1yjtb8P8cUE9faCWBGDxBYJryGhD91xtUR9Pz8=,2020-09-07 13:22:17,0,user375,,,,0,1,2020-09-07 13:22:17
376,pbkdf2_sha256$180000$jxPVgv7bd62e$6JfHQ1yjtb8P8cUE9faCWBGDxBYJryGhD91xtUR9Pz8=,2020-09-07 13:22:17,0,user376,,,,0,1,2020-09-07 13:22:17
377,pbkdf2_sha256$180000$jxPVgv7bd62e$6JfHQ1yjtb8P8cUE9faCWBGDxBYJryGhD91xtUR9Pz8=,2020-09-07 13:22:17,0,user377,,,,0,1,2020-09-07 13:22:17
378,pbkdf2_sha256$180000$jxPVgv7bd62e$6JfHQ1yjtb8P8cUE9faCWBGDxBYJryGhD91xtUR9Pz8=,2020-09-07 13:22:17,0,user378,,,,0,1,2020-09-07 13:22:17
379,pbkdf2_sha256$180000$jxPVgv7bd62e$6JfHQ1yjtb8P8cUE9faCWBGDxBYJryGhD91xtUR9Pz8=,2020-09-07 13:22:17,0,user379,,,,0,1,2020-09-07 13:22:17
380,pbkdf2_sha256$180000$jxPVgv7bd62e$6JfHQ1yjtb8P8cUE9faCWBGDxBYJryGhD91xtUR9Pz8=,2020-09-07 13:22:17,0,user380,,,,0,1,2020-09-07 13:22:17
381,pbkdf2_sha256$180000$jxPVgv7bd62e$6JfHQ1yjtb8P8cUE9faCWBGDxBYJryGhD91xtUR9Pz8=,2020-09-07 13:22:17,0,user381,,,,0,1,2020-09-07 13:22:17
382,pbkdf2_sha256$180000$jxPVgv7bd62e$6JfHQ1yjtb8P8cUE9faCWBGDxBYJryGhD91xtUR9Pz8=,2020-09-07 13:22:17,0,user382,,,,0,1,2020-09-07 13:22:17
383,pbkdf2_sha256$180000$jxPVgv7bd62e$6JfHQ1yjtb8P8cUE9faCWBGDxBYJryGhD91xtUR9Pz8=,2020-09-07 13:22:17,0,user383,,,,0,1,2020-09-07 13:22:17
384,pbkdf2_sha256$180000$jxPVgv7bd62e$6JfHQ1yjtb8P8cUE9faCWBGDxBYJryGhD91xtUR9Pz8=,2020-09-07 13:22:17,0,user384,,,,0,1,2020-09-07 13:22:17
385,pbkdf2_sha256$180000$jxPVgv7bd62e$6JfHQ1yjtb8P8cUE9faCWBGDxBYJryGhD91xtUR9Pz8=,2020-09-07 13:22:17,0,user385,,,,0,1,2020-09-07 13:22:17
386,pbkdf2_sha256$180000$jxPVgv7bd62e$6JfHQ1yjtb8P8cUE9faCWBGDxBYJryGhD91xtUR9Pz8=,2020-09-07 13:22:17,0,user386,,,,0,1,2020-09-07 13:22:17
387,pbkdf2_sha256$180000$jxPVgv7bd62e$6JfHQ1yjtb8P8cUE9faCWBGDxBYJryGhD91xtUR9Pz8=,2020-09-07 13:22:17,0,user387,,,,0,1,2020-09-07 13:22:17
388,pbkdf2_sha256$180000$jxPVgv7bd62e$6JfHQ1yjtb8P8cUE9faCWBGDxBYJryGhD91xtUR9Pz8=,2020-09-07 13:22:17,0,user388,,,,0,1,2020-09-07 13:22:17
389,pbkdf2_sha256$180000$jxPVgv7bd62e$6JfHQ1yjtb8P8cUE9faCWBGDxBYJryGhD91xtUR9Pz8=,2020-09-07 13:22:17,0,user389,,,,0,1,2020-09-07 13:22:17
390,pbkdf2_sha256$180000$jxPVgv7bd62e$6JfHQ1yjtb8P8cUE9faCWBGDxBYJryGhD91xtUR9Pz8=,2020-09-07 13:22:17,0,user390,,,,0,1,2020-09-07 13:22:17
391,pbkdf2_sha256$180000$jxPVgv7bd62e$6JfHQ1yjtb8P8cUE9faCWBGDxBYJryGhD91xtUR9Pz8=,2020-09-07 13:22:17,0,user391,,,,0,1,2020-09-07 13:22:17
392,pbkdf2_sha256$180000$jxPVgv7bd62e$6JfHQ1yjtb8P8cUE9faCWBGDxBYJryGhD91xtUR9Pz8=,2020-09-07 13:22:17,0,user392,,,,0,1,2020-09-07 13:22:17
393,pbkdf2_sha256$180000$jxPVgv7bd62e$6JfHQ1yjtb8P8cUE9faCWBGDxBYJryGhD91xtUR9Pz8=,2020-09-07 13:22:17,0,user393,,,,0,1,2020-09-07 13:22:17
394,pbkdf2_sha256$180000$jxPVgv7bd62e$6JfHQ1yjtb8P8cUE9faCWBGDxBYJryGhD91xtUR9Pz8=,2020-09-07 13:22:17,0,user394,,,,0,1,2020-09-07 13:22:17
395,pbkdf2_sha256$180000$jxPVgv7bd62e$6JfHQ1yjtb8P8cUE9faCWBGDxBYJryGhD91xtUR9Pz8=,2020-09-07 13:22:17,0,user395,,,,0,1,2020-09-07 13:22:17
396,pbkdf2_sha256$180000$jxPVgv7bd62e$6JfHQ1yjtb8P8cUE9faCWBGDxBYJryGhD91xtUR9Pz8=,2020-09-07 13:22:17,0,user396,,,,0,1,2020-09-07 13:22:17
397,pbkdf2_sha256$180000$jxPVgv7bd62e$6JfHQ1yjtb8P8cUE9faCWBGDxBYJryGhD91xtUR9Pz8=,2020-09-07 13:22:17,0,user397,,,,0,1,2020-09-07 13:22:17
398,pbkdf2_sha256$180000$jxPVgv7bd62e$6JfHQ1yjtb8P8cUE9faCWBGDxBYJryGhD91xtUR9Pz8=,2020-09-07 13:22:17,0,user398,,,,0,1,2020-09-07 13:22:17
399,pbkdf2_sha256$180000$jxPVgv7bd62e$6JfHQ1yjtb8P8cUE9faCWBGDxBYJryGhD91xtUR9Pz8=,2020-09-07 13:22:17,0,user399,,,,0,1,2020-09-07 13:22:17
400,pbkdf2_sha256$180000$jxPVgv7bd62e$6JfHQ1yjtb8P8cUE9faCWBGDxBYJryGhD91xtUR9Pz8=,2020-09-07 13:22:17,0,user400,,,,0,1,2020-09-07 13:22:17
401,pbkdf2_sha256$180000$jxPVgv7bd62e$6JfHQ1yjtb8P8cUE9faCWBGDxBYJryGhD91xtUR9Pz8=,2020-09-07 13:22:17,0,user401,,,,0,1,2020-09-07 13:22:17
402,pbkdf2_sha256$180000$jxPVgv7bd62e$6JfHQ1yjtb8P8cUE9faCWBGDxBYJryGhD91xtUR9Pz8=,2020-09-07 13:22:17,0,user402,,,,0,1,2020-09-07 13:22:17
403,pbkdf2_sha256$180000$jxPVgv7bd62e$6JfHQ1yjtb8P8cUE9faCWBGDxBYJryGhD91xtUR9Pz8=,2020-09-07 13:22:17,0,user403,,,,0,1,2020-09-07 13:22:17
404,pbkdf2_sha256$180000$jxPVgv7bd62e$6JfHQ1yjtb8P8cUE9faCWBGDxBYJryGhD91xtUR9Pz8=,2020-09-07 13:22:17,0,user404,,,,0,1,2020-09-07 13:22:17
405,pbkdf2_sha256$180000$jxPVgv7bd62e$6JfHQ1yjtb8P8cUE9faCWBGDxBYJryGhD91xtUR9Pz8=,2020-09-07 13:22:17,0,user405,,,,0,1,2020-09-07 13:22:17
406,pbkdf2_sha256$180000$jxPVgv7bd62e$6JfHQ1yjtb8P8cUE9faCWBGDxBYJryGhD91xtUR9Pz8=,2020-09-07 13:22:17,0,user406,,,,0,1,2020-09-07 13:22:17
407,pbkdf2_sha256$180000$jxPVgv7bd62e$6JfHQ1yjtb8P8cUE9faCWBGDxBYJryGhD91xtUR9Pz8=,2020-09-07 13:22:17,0,user407,,,,0,1,2020-09-07 13:22:17
408,pbkdf2_sha256$180000$jxPVgv7bd62e$6JfHQ1yjtb8P8cUE9faCWBGDxBYJryGhD91xtUR9Pz8=,2020-09-07 13:22:17,0,user408,,,,0,1,2020-09-07 13:22:17
409,pbkdf2_sha256$180000$jxPVgv7bd62e$6JfHQ1yjtb8P8cUE9faCWBGDxBYJryGhD91xtUR9Pz8=,2020-09-07 13:22:17,0,user409,,,,0,1,2020-09-07 13:22:17
410,pbkdf2_sha256$180000$jxPVgv7bd62e$6JfHQ1yjtb8P8cUE9faCWBGDxBYJryGhD91xtUR9Pz8=,2020-09-07 13:22:17,0,user410,,,,0,1,2020-09-07 13:22:17
411,pbkdf2_sha256$180000$jxPVgv7bd62e$6JfHQ1yjtb8P8cUE9faCWBGDxBYJryGhD91xtUR9Pz8=,2020-09-07 13:22:17,0,user411,,,,0,1,2020-09-07 13:22:17
412,pbkdf2_sha256$180000$jxPVgv7bd62e$6JfHQ1yjtb8P8cUE9faCWBGDxBYJryGhD91xtUR9Pz8=,2020-09-07 13:22:17,0,user412,,,,0,1,2020-09-07 13:22:17
413,pbkdf2_sha256$180000$jxPVgv7bd62e$6JfHQ1yjtb8P8cUE9faCWBGDxBYJryGhD91xtUR9Pz8=,2020-09-07 13:22:17,0,user413,,,,0,1,2020-09-07 13:22:17
414,pbkdf2_sha256$180000$jxPVgv7bd62e$6JfHQ1yjtb8P8cUE9faCWBGDxBYJryGhD91xtUR9Pz8=,2020-09-07 13:22:17,0,user414,,,,0,1,2020-09-07 13:22:17
415,pbkdf2_sha256$180000$jxPVgv7bd62e$6JfHQ1yjtb8P8cUE9faCWBGDxBYJryGhD91xtUR9Pz8=,2020-09-07 13:22:17,0,user415,,,,0,1,2020-09-07 13:22:17
416,pbkdf2_sha256$180000$jxPVgv7bd62e$6JfHQ1yjtb8P8cUE9faCWBGDxBYJryGhD91xtUR9Pz8=,2020-09-07 13:22:17,0,user416,,,,0,1,2020-09-07 13:22:17
417,pbkdf2_sha256$180000$jxPVgv7bd62e$6JfHQ1yjtb8P8cUE9faCWBGDxBYJryGhD91xtUR9Pz8=,2020-09-07 13:22:17,0,user417,,,,0,1,2020-09-07 13:22:17
418,pbkdf2_sha256$180000$jxPVgv7bd62e$6JfHQ1yjtb8P8cUE9faCWBGDxBYJryGhD91xtUR9Pz8=,2020-09-07 13:22:17,0,user418,,,,0,1,2020-09-07 13:22:17
419,pbkdf2_sha256$180000$jxPVgv7bd62e$6JfHQ1yjtb8P8cUE9faCWBGDxBYJryGhD91xtUR9Pz8=,2020-09-07 13:22:17,0,user419,,,,0,1,2020-09-07 13:22:17
420,pbkdf2_sha256$180000$jxPVgv7bd62e$6JfHQ1yjtb8P8cUE9faCWBGDxBYJryGhD91xtUR9Pz8=,2020-09-07 13:22:17,0,user420,,,,0,1,2020-09-07 13:22:17
421,pbkdf2_sha256$180000$jxPVgv7bd62e$6JfHQ1yjtb8P8cUE9faCWBGDxBYJryGhD91xtUR9Pz8=,2020-09-07 13:22:17,0,user421,,,,0,1,2020-09-07 13:22:17
422,pbkdf2_sha256$180000$jxPVgv7bd62e$6JfHQ1yjtb8P8cUE9faCWBGDxBYJryGhD91xtUR9Pz8=,2020-09-07 13:22:17,0,user422,,,,0,1,2020-09-07 13:22:17
423,pbkdf2_sha256$180000$jxPVgv7bd62e$6JfHQ1yjtb8P8cUE9faCWBGDxBYJryGhD91xtUR9Pz8=,2020-09-07 13:22:17,0,user423,,,,0,1,2020-09-07 13:22:17
424,pbkdf2_sha256$180000$jxPVgv7bd62e$6JfHQ1yjtb8P8cUE9faCWBGDxBYJryGhD91xtUR9Pz8=,2020-09-07 13:22:17,0,user424,,,,0,1,2020-09-07 13:22:17
425,pbkdf2_sha256$180000$jxPVgv7bd62e$6JfHQ1yjtb8P8cUE9faCWBGDxBYJryGhD91xtUR9Pz8=,2020-09-07 13:22:17,0,user425,,,,0,1,2020-09-07 13:22:17
426,pbkdf2_sha256$180000$jxPVgv7bd62e$6JfHQ1yjtb8P8cUE9faCWBGDxBYJryGhD91xtUR9Pz8=,2020-09-07 13:22:17,0,user426,,,,0,1,2020-09-07 13:22:17
427,pbkdf2_sha256$180000$jxPVgv7bd62e$6JfHQ1yjtb8P8cUE9faCWBGDxBYJryGhD91xtUR9Pz8=,2020-09-07 13:22:17,0,user427,,,,0,1,2020-09-07 13:22:17
428,pbkdf2_sha256$180000$jxPVgv7bd62e$6JfHQ1yjtb8P8cUE9faCWBGDxBYJryGhD91xtUR9Pz8=,2020-09-07 13:22:17,0,user428,,,,0,1,2020-09-07 13:22:17
429,pbkdf2_sha256$180000$jxPVgv7bd62e$6JfHQ1yjtb8P8cUE9faCWBGDxBYJryGhD91xtUR9Pz8=,2020-09-07 13:22:17,0,user429,,,,0,1,2020-09-07 13:22:17
430,pbkdf2_sha256$180000$jxPVgv7bd62e$6JfHQ1yjtb8P8cUE9faCWBGDxBYJryGhD91xtUR9Pz8=,2020-09-07 13:22:17,0,user430,,,,0,1,2020-09-07 13:22:17
431,pbkdf2_sha256$180000$jxPVgv7bd62e$6JfHQ1yjtb8P8cUE9faCWBGDxBYJryGhD91xtUR9Pz8=,2020-09-07 13:22:17,0,user431,,,,0,1,2020-09-07 13:22:17
432,pbkdf2_sha256$180000$jxPVgv7bd62e$6JfHQ1yjtb8P8cUE9faCWBGDxBYJryGhD91xtUR9Pz8=,2020-09-07 13:22:17,0,user432,,,,0,1,2020-09-07 13:22:17
433,pbkdf2_sha256$180000$jxPVgv7bd62e$6JfHQ1yjtb8P8cUE9faCWBGDxBYJryGhD91xtUR9Pz8=,2020-09-07 13:22:17,0,user433,,,,0,1,2020-09-07 13:22:17
434,pbkdf2_sha256$180000$jxPVgv7bd62e$6JfHQ1yjtb8P8cUE9faCWBGDxBYJryGhD91xtUR9Pz8=,2020-09-07 13:22:17,0,user434,,,,0,1,2020-09-07 13:22:17
435,pbkdf2_sha256$180000$jxPVgv7bd62e$6JfHQ1yjtb8P8cUE9faCWBGDxBYJryGhD91xtUR9Pz8=,2020-09-07 13:22:17,0,user435,,,,0,1,2020-09-07 13:22:17
436,pbkdf2_sha256$180000$jxPVgv7bd62e$6JfHQ1yjtb8P8cUE9faCWBGDxBYJryGhD91xtUR9Pz8=,2020-09-07 13:22:17,0,user436,,,,0,1,2020-09-07 13:22:17
437,pbkdf2_sha256$180000$jxPVgv7bd62e$6JfHQ1yjtb8P8cUE9faCWBGDxBYJryGhD91xtUR9Pz8=,2020-09-07 13:22:17,0,user437,,,,0,1,2020-09-07 13:22:17
438,pbkdf2_sha256$180000$jxPVgv7bd62e$6JfHQ1yjtb8P8cUE9faCWBGDxBYJryGhD91xtUR9Pz8=,2020-09-07 13:22:17,0,user438,,,,0,1,2020-09-07 13:22:17
439,pbkdf2_sha256$180000$jxPVgv7bd62e$6JfHQ1yjtb8P8cUE9faCWBGDxBYJryGhD91xtUR9Pz8=,2020-09-07 13:22:17,0,user439,,,,0,1,2020-09-07 13:22:17
440,pbkdf2_sha256$180000$jxPVgv7bd62e$6JfHQ1yjtb8P8cUE9faCWBGDxBYJryGhD91xtUR9Pz8=,2020-09-07 13:22:17,0,user440,,,,0,1,2020-09-07 13:22:17
441,pbkdf2_sha256$180000$jxPVgv7bd62e$6JfHQ1yjtb8P8cUE9faCWBGDxBYJryGhD91xtUR9Pz8=,2020-09-07 13:22:17,0,user441,,,,0,1,2020-09-07 13:22:17
442,pbkdf2_sha256$180000$jxPVgv7bd62e$6JfHQ1yjtb8P8cUE9faCWBGDxBYJryGhD91xtUR9Pz8=,2020-09-07 13:22:17,0,user442,,,,0,1,2020-09-07 13:22:17
443,pbkdf2_sha256$180000$jxPVgv7bd62e$6JfHQ1yjtb8P8cUE9faCWBGDxBYJryGhD91xtUR9Pz8=,2020-09-07 13:22:17,0,user443,,,,0,1,2020-09-07 13:22:17
444,pbkdf2_sha256$180000$jxPVgv7bd62e$6JfHQ1yjtb8P8cUE9faCWBGDxBYJryGhD91xtUR9Pz8=,2020-09-07 13:22:17,0,user444,,,,0,1,2020-09-07 13:22:17
445,pbkdf2_sha256$180000$jxPVgv7bd62e$6JfHQ1yjtb8P8cUE9faCWBGDxBYJryGhD91xtUR9Pz8=,2020-09-07 13:22:17,0,user445,,,,0,1,2020-09-07 13:22:17
446,pbkdf2_sha256$180000$jxPVgv7bd62e$6JfHQ1yjtb8P8cUE9faCWBGDxBYJryGhD91xtUR9Pz8=,2020-09-07 13:22:17,0,user446,,,,0,1,2020-09-07 13:22:17
447,pbkdf2_sha256$180000$jxPVgv7bd62e$6JfHQ1yjtb8P8cUE9faCWBGDxBYJryGhD91xtUR9Pz8=,2020-09-07 13:22:17,0,user447,,,,0,1,2020-09-07 13:22:17
448,pbkdf2_sha256$180000$jxPVgv7bd62e$6JfHQ1yjtb8P8cUE9faCWBGDxBYJryGhD91xtUR9Pz8=,2020-09-07 13:22:17,0,user448,,,,0,1,2020-09-07 13:22:17
449,pbkdf2_sha256$180000$jxPVgv7bd62e$6JfHQ1yjtb8P8cUE9faCWBGDxBYJryGhD91xtUR9Pz8=,2020-09-07 13:22:17,0,user449,,,,0,1,2020-09-07 13:22:17
450,pbkdf2_sha256$180000$jxPVgv7bd62e$6JfHQ1yjtb8P8cUE9faCWBGDxBYJryGhD91xtUR9Pz8=,2020-09-07 13:22:17,0,user450,,,,0,1,2020-09-07 13:22:17
451,pbkdf2_sha256$180000$jxPVgv7bd62e$6JfHQ1yjtb8P8cUE9faCWBGDxBYJryGhD91xtUR9Pz8=,2020-09-07 13:22:17,0,user451,,,,0,1,2020-09-07 13:22:17
452,pbkdf2_sha256$180000$jxPVgv7bd62e$6JfHQ1yjtb8P8cUE9faCWBGDxBYJryGhD91xtUR9Pz8=,2020-09-07 13:22:17,0,user452,,,,0,1,2020-09-07 13:22:17
453,pbkdf2_sha256$180000$jxPVgv7bd62e$6JfHQ1yjtb8P8cUE9faCWBGDxBYJryGhD91xtUR9Pz8=,2020-09-07 13:22:17,0,user453,,,,0,1,2020-09-07 13:22:17
454,pbkdf2_sha256$180000$jxPVgv7bd62e$6JfHQ1yjtb8P8cUE9faCWBGDxBYJryGhD91xtUR9Pz8=,2020-09-07 13:22:17,0,user454,,,,0,1,2020-09-07 13:22:17
455,pbkdf2_sha256$180000$jxPVgv7bd62e$6JfHQ1yjtb8P8cUE9faCWBGDxBYJryGhD91xtUR9Pz8=,2020-09-07 13:22:17,0,user455,,,,0,1,2020-09-07 13:22:17
456,pbkdf2_sha256$180000$jxPVgv7bd62e$6JfHQ1yjtb8P8cUE9faCWBGDxBYJryGhD91xtUR9Pz8=,2020-09-07 13:22:17,0,user456,,,,0,1,2020-09-07 13:22:17
457,pbkdf2_sha256$180000$jxPVgv7bd62e$6JfHQ1yjtb8P8cUE9faCWBGDxBYJryGhD91xtUR9Pz8=,2020-09-07 13:22:17,0,user457,,,,0,1,2020-09-07 13:22:17
458,pbkdf2_sha256$180000$jxPVgv7bd62e$6JfHQ1yjtb8P8cUE9faCWBGDxBYJryGhD91xtUR9Pz8=,2020-09-07 13:22:17,0,user458,,,,0,1,2020-09-07 13:22:17
459,pbkdf2_sha256$180000$jxPVgv7bd62e$6JfHQ1yjtb8P8cUE9faCWBGDxBYJryGhD91xtUR9Pz8=,2020-09-07 13:22:17,0,user459,,,,0,1,2020-09-07 13:22:17
460,pbkdf2_sha256$180000$jxPVgv7bd62e$6JfHQ1yjtb8P8cUE9faCWBGDxBYJryGhD91xtUR9Pz8=,2020-09-07 13:22:17,0,user460,,,,0,1,2020-09-07 13:22:17
461,pbkdf2_sha256$180000$jxPVgv7bd62e$6JfHQ1yjtb8P8cUE9faCWBGDxBYJryGhD91xtUR9Pz8=,2020-09-07 13:22:17,0,user461,,,,0,1,2020-09-07 13:22:17
462,pbkdf2_sha256$180000$jxPVgv7bd62e$6JfHQ1yjtb8P8cUE9faCWBGDxBYJryGhD91xtUR9Pz8=,2020-09-07 13:22:17,0,user462,,,,0,1,2020-09-07 13:22:17
463,pbkdf2_sha256$180000$jxPVgv7bd62e$6JfHQ1yjtb8P8cUE9faCWBGDxBYJryGhD91xtUR9Pz8=,2020-09-07 13:22:17,0,user463,,,,0,1,2020-09-07 13:22:17
464,pbkdf2_sha256$180000$jxPVgv7bd62e$6JfHQ1yjtb8P8cUE9faCWBGDxBYJryGhD91xtUR9Pz8=,2020-09-07 13:22:17,0,user464,,,,0,1,2020-09-07 13:22:17
465,pbkdf2_sha256$180000$jxPVgv7bd62e$6JfHQ1yjtb8P8cUE9faCWBGDxBYJryGhD91xtUR9Pz8=,2020-09-07 13:22:17,0,user465,,,,0,1,2020-09-07 13:22:17
466,pbkdf2_sha256$180000$jxPVgv7bd62e$6JfHQ1yjtb8P8cUE9faCWBGDxBYJryGhD91xtUR9Pz8=,2020-09-07 13:22:17,0,user466,,,,0,1,2020-09-07 13:22:17
467,pbkdf2_sha256$180000$jxPVgv7bd62e$6JfHQ1yjtb8P8cUE9faCWBGDxBYJryGhD91xtUR9Pz8=,2020-09-07 13:22:17,0,user467,,,,0,1,2020-09-07 13:22:17
468,pbkdf2_sha256$180000$jxPVgv7bd62e$6JfHQ1yjtb8P8cUE9faCWBGDxBYJryGhD91xtUR9Pz8=,2020-09-07 13:22:17,0,user468,,,,0,1,2020-09-07 13:22:17
469,pbkdf2_sha256$180000$jxPVgv7bd62e$6JfHQ1yjtb8P8cUE9faCWBGDxBYJryGhD91xtUR9Pz8=,2020-09-07 13:22:17,0,user469,,,,0,1,2020-09-07 13:22:17
470,pbkdf2_sha256$180000$jxPVgv7bd62e$6JfHQ1yjtb8P8cUE9faCWBGDxBYJryGhD91xtUR9Pz8=,2020-09-07 13:22:17,0,user470,,,,0,1,2020-09-07 13:22:17
471,pbkdf2_sha256$180000$jxPVgv7bd62e$6JfHQ1yjtb8P8cUE9faCWBGDxBYJryGhD91xtUR9Pz8=,2020-09-07 13:22:17,0,user471,,,,0,1,2020-09-07 13:22:17
472,pbkdf2_sha256$180000$jxPVgv7bd62e$6JfHQ1yjtb8P8cUE9faCWBGDxBYJryGhD91xtUR9Pz8=,2020-09-07 13:22:17,0,user472,,,,0,1,2020-09-07 13:22:17
473,pbkdf2_sha256$180000$jxPVgv7bd62e$6JfHQ1yjtb8P8cUE9faCWBGDxBYJryGhD91xtUR9Pz8=,2020-09-07 13:22:17,0,user473,,,,0,1,2020-09-07 13:22:17
474,pbkdf2_sha256$180000$jxPVgv7bd62e$6JfHQ1yjtb8P8cUE9faCWBGDxBYJryGhD91xtUR9Pz8=,2020-09-07 13:22:17,0,user474,,,,0,1,2020-09-07 13:22:17
475,pbkdf2_sha256$180000$jxPVgv7bd62e$6JfHQ1yjtb8P8cUE9faCWBGDxBYJryGhD91xtUR9Pz8=,2020-09-07 13:22:17,0,user475,,,,0,1,2020-09-07 13:22:17
476,pbkdf2_sha256$180000$jxPVgv7bd62e$6JfHQ1yjtb8P8cUE9faCWBGDxBYJryGhD91xtUR9Pz8=,2020-09-07 13:22:17,0,user476,,,,0,1,2020-09-07 13:22:17
477,pbkdf2_sha256$180000$jxPVgv7bd62e$6JfHQ1yjtb8P8cUE9faCWBGDxBYJryGhD91xtUR9Pz8=,2020-09-07 13:22:17,0,user477,,,,0,1,2020-09-07 13:22:17
478,pbkdf2_sha256$180000$jxPVgv7bd62e$6JfHQ1yjtb8P8cUE9faCWBGDxBYJryGhD91xtUR9Pz8=,2020-09-07 13:22:17,0,user478,,,,0,1,2020-09-07 13:22:17
479,pbkdf2_sha256$180000$jxPVgv7bd62e$6JfHQ1yjtb8P8cUE9faCWBGDxBYJryGhD91xtUR9Pz8=,2020-09-07 13:22:17,0,user479,,,,0,1,2020-09-07 13:22:17
480,pbkdf2_sha256$180000$jxPVgv7bd62e$6JfHQ1yjtb8P8cUE9faCWBGDxBYJryGhD91xtUR9Pz8=,2020-09-07 13:22:17,0,user480,,,,0,1,2020-09-07 13:22:17
481,pbkdf2_sha256$180000$jxPVgv7bd62e$6JfHQ1yjtb8P8cUE9faCWBGDxBYJryGhD91xtUR9Pz8=,2020-09-07 13:22:17,0,user481,,,,0,1,2020-09-07 13:22:17
482,pbkdf2_sha256$180000$jxPVgv7bd62e$6JfHQ1yjtb8P8cUE9faCWBGDxBYJryGhD91xtUR9Pz8=,2020-09-07 13:22:17,0,user482,,,,0,1,2020-09-07 13:22:17
483,pbkdf2_sha256$180000$jxPVgv7bd62e$6JfHQ1yjtb8P8cUE9faCWBGDxBYJryGhD91xtUR9Pz8=,2020-09-07 13:22:17,0,user483,,,,0,1,2020-09-07 13:22:17
484,pbkdf2_sha256$180000$jxPVgv7bd62e$6JfHQ1yjtb8P8cUE9faCWBGDxBYJryGhD91xtUR9Pz8=,2020-09-07 13:22:17,0,user484,,,,0,1,2020-09-07 13:22:17
485,pbkdf2_sha256$180000$jxPVgv7bd62e$6JfHQ1yjtb8P8cUE9faCWBGDxBYJryGhD91xtUR9Pz8=,2020-09-07 13:22:17,0,user485,,,,0,1,2020-09-07 13:22:17
486,pbkdf2_sha256$180000$jxPVgv7bd62e$6JfHQ1yjtb8P8cUE9faCWBGDxBYJryGhD91xtUR9Pz8=,2020-09-07 13:22:17,0,user486,,,,0,1,2020-09-07 13:22:17
487,pbkdf2_sha256$180000$jxPVgv7bd62e$6JfHQ1yjtb8P8cUE9faCWBGDxBYJryGhD91xtUR9Pz8=,2020-09-07 13:22:17,0,user487,,,,0,1,2020-09-07 13:22:17
488,pbkdf2_sha256$180000$jxPVgv7bd62e$6JfHQ1yjtb8P8cUE9faCWBGDxBYJryGhD91xtUR9Pz8=,2020-09-07 13:22:17,0,user488,,,,0,1,2020-09-07 13:22:17
489,pbkdf2_sha256$180000$jxPVgv7bd62e$6JfHQ1yjtb8P8cUE9faCWBGDxBYJryGhD91xtUR9Pz8=,2020-09-07 13:22:17,0,user489,,,,0,1,2020-09-07 13:22:17
490,pbkdf2_sha256$180000$jxPVgv7bd62e$6JfHQ1yjtb8P8cUE9faCWBGDxBYJryGhD91xtUR9Pz8=,2020-09-07 13:22:17,0,user490,,,,0,1,2020-09-07 13:22:17
491,pbkdf2_sha256$180000$jxPVgv7bd62e$6JfHQ1yjtb8P8cUE9faCWBGDxBYJryGhD91xtUR9Pz8=,2020-09-07 13:22:17,0,user491,,,,0,1,2020-09-07 13:22:17
492,pbkdf2_sha256$180000$jxPVgv7bd62e$6JfHQ1yjtb8P8cUE9faCWBGDxBYJryGhD91xtUR9Pz8=,2020-09-07 13:22:17,0,user492,,,,0,1,2020-09-07 13:22:17
493,pbkdf2_sha256$180000$jxPVgv7bd62e$6JfHQ1yjtb8P8cUE9faCWBGDxBYJryGhD91xtUR9Pz8=,2020-09-07 13:22:17,0,user493,,,,0,1,2020-09-07 13:22:17
494,pbkdf2_sha256$180000$jxPVgv7bd62e$6JfHQ1yjtb8P8cUE9faCWBGDxBYJryGhD91xtUR9Pz8=,2020-09-07 13:22:17,0,user494,,,,0,1,2020-09-07 13:22:17
495,pbkdf2_sha256$180000$jxPVgv7bd62e$6JfHQ1yjtb8P8cUE9faCWBGDxBYJryGhD91xtUR9Pz8=,2020-09-07 13:22:17,0,user495,,,,0,1,2020-09-07 13:22:17
496,pbkdf2_sha256$180000$jxPVgv7bd62e$6JfHQ1yjtb8P8cUE9faCWBGDxBYJryGhD91xtUR9Pz8=,2020-09-07 13:22:17,0,user496,,,,0,1,2020-09-07 13:22:17
497,pbkdf2_sha256$180000$jxPVgv7bd62e$6JfHQ1yjtb8P8cUE9faCWBGDxBYJryGhD91xtUR9Pz8=,2020-09-07 13:22:17,0,user497,,,,0,1,2020-09-07 13:22:17
498,pbkdf2_sha256$180000$jxPVgv7bd62e$6JfHQ1yjtb8P8cUE9faCWBGDxBYJryGhD91xtUR9Pz8=,2020-09-07 13:22:17,0,user498,,,,0,1,2020-09-07 13:22:17
499,pbkdf2_sha256$180000$jxPVgv7bd62e$6JfHQ1yjtb8P8cUE9faCWBGDxBYJryGhD91xtUR9Pz8=,2020-09-07 13:22:17,0,user499,,,,0,1,2020-09-07 13:22:17
500,pbkdf2_sha256$180000$jxPVgv7bd62e$6JfHQ1yjtb8P8cUE9faCWBGDxBYJryGhD91xtUR9Pz8=,2020-09-07 13:22:17,0,user500,,,,0,1,2020-09-07 13:22:17
501,pbkdf2_sha256$180000$jxPVgv7bd62e$6JfHQ1yjtb8P8cUE9faCWBGDxBYJryGhD91xtUR9Pz8=,2020-09-07 13:22:17,0,user501,,,,0,1,2020-09-07 13:22:17
502,pbkdf2_sha256$180000$jxPVgv7bd62e$6JfHQ1yjtb8P8cUE9faCWBGDxBYJryGhD91xtUR9Pz8=,2020-09-07 13:22:17,0,user502,,,,0,1,2020-09-07 13:22:17
503,pbkdf2_sha256$180000$jxPVgv7bd62e$6JfHQ1yjtb8P8cUE9faCWBGDxBYJryGhD91xtUR9Pz8=,2020-09-07 13:22:17,0,user503,,,,0,1,2020-09-07 13:22:17
504,pbkdf2_sha256$180000$jxPVgv7bd62e$6JfHQ1yjtb8P8cUE9faCWBGDxBYJryGhD91xtUR9Pz8=,2020-09-07 13:22:17,0,user504,,,,0,1,2020-09-07 13:22:17
505,pbkdf2_sha256$180000$jxPVgv7bd62e$6JfHQ1yjtb8P8cUE9faCWBGDxBYJryGhD91xtUR9Pz8=,2020-09-07 13:22:17,0,user505,,,,0,1,2020-09-07 13:22:17
506,pbkdf2_sha256$180000$jxPVgv7bd62e$6JfHQ1yjtb8P8cUE9faCWBGDxBYJryGhD91xtUR9Pz8=,2020-09-07 13:22:17,0,user506,,,,0,1,2020-09-07 13:22:17
507,pbkdf2_sha256$180000$jxPVgv7bd62e$6JfHQ1yjtb8P8cUE9faCWBGDxBYJryGhD91xtUR9Pz8=,2020-09-07 13:22:17,0,user507,,,,0,1,2020-09-07 13:22:17
508,pbkdf2_sha256$180000$jxPVgv7bd62e$6JfHQ1yjtb8P8cUE9faCWBGDxBYJryGhD91xtUR9Pz8=,2020-09-07 13:22:17,0,user508,,,,0,1,2020-09-07 13:22:17
509,pbkdf2_sha256$180000$jxPVgv7bd62e$6JfHQ1yjtb8P8cUE9faCWBGDxBYJryGhD91xtUR9Pz8=,2020-09-07 13:22:17,0,user509,,,,0,1,2020-09-07 13:22:17
510,pbkdf2_sha256$180000$jxPVgv7bd62e$6JfHQ1yjtb8P8cUE9faCWBGDxBYJryGhD91xtUR9Pz8=,2020-09-07 13:22:17,0,user510,,,,0,1,2020-09-07 13:22:17
511,pbkdf2_sha256$180000$jxPVgv7bd62e$6JfHQ1yjtb8P8cUE9faCWBGDxBYJryGhD91xtUR9Pz8=,2020-09-07 13:22:17,0,user511,,,,0,1,2020-09-07 13:22:17
512,pbkdf2_sha256$180000$jxPVgv7bd62e$6JfHQ1yjtb8P8cUE9faCWBGDxBYJryGhD91xtUR9Pz8=,2020-09-07 13:22:17,0,user512,,,,0,1,2020-09-07 13:22:17
513,pbkdf2_sha256$180000$jxPVgv7bd62e$6JfHQ1yjtb8P8cUE9faCWBGDxBYJryGhD91xtUR9Pz8=,2020-09-07 13:22:17,0,user513,,,,0,1,2020-09-07 13:22:17
514,pbkdf2_sha256$180000$jxPVgv7bd62e$6JfHQ1yjtb8P8cUE9faCWBGDxBYJryGhD91xtUR9Pz8=,2020-09-07 13:22:17,0,user514,,,,0,1,2020-09-07 13:22:17
515,pbkdf2_sha256$180000$jxPVgv7bd62e$6JfHQ1yjtb8P8cUE9faCWBGDxBYJryGhD91xtUR9Pz8=,2020-09-07 13:22:17,0,user515,,,,0,1,2020-09-07 13:22:17
516,pbkdf2_sha256$180000$jxPVgv7bd62e$6JfHQ1yjtb8P8cUE9faCWBGDxBYJryGhD91xtUR9Pz8=,2020-09-07 13:22:17,0,user516,,,,0,1,2020-09-07 13:22:17
517,pbkdf2_sha256$180000$jxPVgv7bd62e$6JfHQ1yjtb8P8cUE9faCWBGDxBYJryGhD91xtUR9Pz8=,2020-09-07 13:22:17,0,user517,,,,0,1,2020-09-07 13:22:17
518,pbkdf2_sha256$180000$jxPVgv7bd62e$6JfHQ1yjtb8P8cUE9faCWBGDxBYJryGhD91xtUR9Pz8=,2020-09-07 13:22:17,0,user518,,,,0,1,2020-09-07 13:22:17
519,pbkdf2_sha256$180000$jxPVgv7bd62e$6JfHQ1yjtb8P8cUE9faCWBGDxBYJryGhD91xtUR9Pz8=,2020-09-07 13:22:17,0,user519,,,,0,1,2020-09-07 13:22:17
520,pbkdf2_sha256$180000$jxPVgv7bd62e$6JfHQ1yjtb8P8cUE9faCWBGDxBYJryGhD91xtUR9Pz8=,2020-09-07 13:22:17,0,user520,,,,0,1,2020-09-07 13:22:17
521,pbkdf2_sha256$180000$jxPVgv7bd62e$6JfHQ1yjtb8P8cUE9faCWBGDxBYJryGhD91xtUR9Pz8=,2020-09-07 13:22:17,0,user521,,,,0,1,2020-09-07 13:22:17
522,pbkdf2_sha256$180000$jxPVgv7bd62e$6JfHQ1yjtb8P8cUE9faCWBGDxBYJryGhD91xtUR9Pz8=,2020-09-07 13:22:17,0,user522,,,,0,1,2020-09-07 13:22:17
523,pbkdf2_sha256$180000$jxPVgv7bd62e$6JfHQ1yjtb8P8cUE9faCWBGDxBYJryGhD91xtUR9Pz8=,2020-09-07 13:22:17,0,user523,,,,0,1,2020-09-07 13:22:17
524,pbkdf2_sha256$180000$jxPVgv7bd62e$6JfHQ1yjtb8P8cUE9faCWBGDxBYJryGhD91xtUR9Pz8=,2020-09-07 13:22:17,0,user524,,,,0,1,2020-09-07 13:22:17
525,pbkdf2_sha256$180000$jxPVgv7bd62e$6JfHQ1yjtb8P8cUE9faCWBGDxBYJryGhD91xtUR9Pz8=,2020-09-07 13:22:17,0,user525,,,,0,1,2020-09-07 13:22:17
526,pbkdf2_sha256$180000$jxPVgv7bd62e$6JfHQ1yjtb8P8cUE9faCWBGDxBYJryGhD91xtUR9Pz8=,2020-09-07 13:22:17,0,user526,,,,0,1,2020-09-07 13:22:17
527,pbkdf2_sha256$180000$jxPVgv7bd62e$6JfHQ1yjtb8P8cUE9faCWBGDxBYJryGhD91xtUR9Pz8=,2020-09-07 13:22:17,0,user527,,,,0,1,2020-09-07 13:22:17
528,pbkdf2_sha256$180000$jxPVgv7bd62e$6JfHQ1yjtb8P8cUE9faCWBGDxBYJryGhD91xtUR9Pz8=,2020-09-07 13:22:17,0,user528,,,,0,1,2020-09-07 13:22:17
529,pbkdf2_sha256$180000$jxPVgv7bd62e$6JfHQ1yjtb8P8cUE9faCWBGDxBYJryGhD91xtUR9Pz8=,2020-09-07 13:22:17,0,user529,,,,0,1,2020-09-07 13:22:17
530,pbkdf2_sha256$180000$jxPVgv7bd62e$6JfHQ1yjtb8P8cUE9faCWBGDxBYJryGhD91xtUR9Pz8=,2020-09-07 13:22:17,0,user530,,,,0,1,2020-09-07 13:22:17
531,pbkdf2_sha256$180000$jxPVgv7bd62e$6JfHQ1yjtb8P8cUE9faCWBGDxBYJryGhD91xtUR9Pz8=,2020-09-07 13:22:17,0,user531,,,,0,1,2020-09-07 13:22:17
532,pbkdf2_sha256$180000$jxPVgv7bd62e$6JfHQ1yjtb8P8cUE9faCWBGDxBYJryGhD91xtUR9Pz8=,2020-09-07 13:22:17,0,user532,,,,0,1,2020-09-07 13:22:17
533,pbkdf2_sha256$180000$jxPVgv7bd62e$6JfHQ1yjtb8P8cUE9faCWBGDxBYJryGhD91xtUR9Pz8=,2020-09-07 13:22:17,0,user533,,,,0,1,2020-09-07 13:22:17
534,pbkdf2_sha256$180000$jxPVgv7bd62e$6JfHQ1yjtb8P8cUE9faCWBGDxBYJryGhD91xtUR9Pz8=,2020-09-07 13:22:17,0,user534,,,,0,1,2020-09-07 13:22:17
535,pbkdf2_sha256$180000$jxPVgv7bd62e$6JfHQ1yjtb8P8cUE9faCWBGDxBYJryGhD91xtUR9Pz8=,2020-09-07 13:22:17,0,user535,,,,0,1,2020-09-07 13:22:17
536,pbkdf2_sha256$180000$jxPVgv7bd62e$6JfHQ1yjtb8P8cUE9faCWBGDxBYJryGhD91xtUR9Pz8=,2020-09-07 13:22:17,0,user536,,,,0,1,2020-09-07 13:22:17
537,pbkdf2_sha256$180000$jxPVgv7bd62e$6JfHQ1yjtb8P8cUE9faCWBGDxBYJryGhD91xtUR9Pz8=,2020-09-07 13:22:17,0,user537,,,,0,1,2020-09-07 13:22:17
538,pbkdf2_sha256$180000$jxPVgv7bd62e$6JfHQ1yjtb8P8cUE9faCWBGDxBYJryGhD91xtUR9Pz8=,2020-09-07 13:22:17,0,user538,,,,0,1,2020-09-07 13:22:17
539,pbkdf2_sha256$180000$jxPVgv7bd62e$6JfHQ1yjtb8P8cUE9faCWBGDxBYJryGhD91xtUR9Pz8=,2020-09-07 13:22:17,0,user539,,,,0,1,2020-09-07 13:22:17
540,pbkdf2_sha256$180000$jxPVgv7bd62e$6JfHQ1yjtb8P8cUE9faCWBGDxBYJryGhD91xtUR9Pz8=,2020-09-07 13:22:17,0,user540,,,,0,1,2020-09-07 13:22:17
541,pbkdf2_sha256$180000$jxPVgv7bd62e$6JfHQ1yjtb8P8cUE9faCWBGDxBYJryGhD91xtUR9Pz8=,2020-09-07 13:22:17,0,user541,,,,0,1,2020-09-07 13:22:17
542,pbkdf2_sha256$180000$jxPVgv7bd62e$6JfHQ1yjtb8P8cUE9faCWBGDxBYJryGhD91xtUR9Pz8=,2020-09-07 13:22:17,0,user542,,,,0,1,2020-09-07 13:22:17
543,pbkdf2_sha256$180000$jxPVgv7bd62e$6JfHQ1yjtb8P8cUE9faCWBGDxBYJryGhD91xtUR9Pz8=,2020-09-07 13:22:17,0,user543,,,,0,1,2020-09-07 13:22:17
544,pbkdf2_sha256$180000$jxPVgv7bd62e$6JfHQ1yjtb8P8cUE9faCWBGDxBYJryGhD91xtUR9Pz8=,2020-09-07 13:22:17,0,user544,,,,0,1,2020-09-07 13:22:17
545,pbkdf2_sha256$180000$jxPVgv7bd62e$6JfHQ1yjtb8P8cUE9faCWBGDxBYJryGhD91xtUR9Pz8=,2020-09-07 13:22:17,0,user545,,,,0,1,2020-09-07 13:22:17
546,pbkdf2_sha256$180000$jxPVgv7bd62e$6JfHQ1yjtb8P8cUE9faCWBGDxBYJryGhD91xtUR9Pz8=,2020-09-07 13:22:17,0,user546,,,,0,1,2020-09-07 13:22:17
547,pbkdf2_sha256$180000$jxPVgv7bd62e$6JfHQ1yjtb8P8cUE9faCWBGDxBYJryGhD91xtUR9Pz8=,2020-09-07 13:22:17,0,user547,,,,0,1,2020-09-07 13:22:17
548,pbkdf2_sha256$180000$jxPVgv7bd62e$6JfHQ1yjtb8P8cUE9faCWBGDxBYJryGhD91xtUR9Pz8=,2020-09-07 13:22:17,0,user548,,,,0,1,2020-09-07 13:22:17
549,pbkdf2_sha256$180000$jxPVgv7bd62e$6JfHQ1yjtb8P8cUE9faCWBGDxBYJryGhD91xtUR9Pz8=,2020-09-07 13:22:17,0,user549,,,,0,1,2020-09-07 13:22:17
550,pbkdf2_sha256$180000$jxPVgv7bd62e$6JfHQ1yjtb8P8cUE9faCWBGDxBYJryGhD91xtUR9Pz8=,2020-09-07 13:22:17,0,user550,,,,0,1,2020-09-07 13:22:17
551,pbkdf2_sha256$180000$jxPVgv7bd62e$6JfHQ1yjtb8P8cUE9faCWBGDxBYJryGhD91xtUR9Pz8=,2020-09-07 13:22:17,0,user551,,,,0,1,2020-09-07 13:22:17
552,pbkdf2_sha256$180000$jxPVgv7bd62e$6JfHQ1yjtb8P8cUE9faCWBGDxBYJryGhD91xtUR9Pz8=,2020-09-07 13:22:17,0,user552,,,,0,1,2020-09-07 13:22:17
553,pbkdf2_sha256$180000$jxPVgv7bd62e$6JfHQ1yjtb8P8cUE9faCWBGDxBYJryGhD91xtUR9Pz8=,2020-09-07 13:22:17,0,user553,,,,0,1,2020-09-07 13:22:17
554,pbkdf2_sha256$180000$jxPVgv7bd62e$6JfHQ1yjtb8P8cUE9faCWBGDxBYJryGhD91xtUR9Pz8=,2020-09-07 13:22:17,0,user554,,,,0,1,2020-09-07 13:22:17
555,pbkdf2_sha256$180000$jxPVgv7bd62e$6JfHQ1yjtb8P8cUE9faCWBGDxBYJryGhD91xtUR9Pz8=,2020-09-07 13:22:17,0,user555,,,,0,1,2020-09-07 13:22:17
556,pbkdf2_sha256$180000$jxPVgv7bd62e$6JfHQ1yjtb8P8cUE9faCWBGDxBYJryGhD91xtUR9Pz8=,2020-09-07 13:22:17,0,user556,,,,0,1,2020-09-07 13:22:17
557,pbkdf2_sha256$180000$jxPVgv7bd62e$6JfHQ1yjtb8P8cUE9faCWBGDxBYJryGhD91xtUR9Pz8=,2020-09-07 13:22:17,0,user557,,,,0,1,2020-09-07 13:22:17
558,pbkdf2_sha256$180000$jxPVgv7bd62e$6JfHQ1yjtb8P8cUE9faCWBGDxBYJryGhD91xtUR9Pz8=,2020-09-07 13:22:17,0,user558,,,,0,1,2020-09-07 13:22:17
559,pbkdf2_sha256$180000$jxPVgv7bd62e$6JfHQ1yjtb8P8cUE9faCWBGDxBYJryGhD91xtUR9Pz8=,2020-09-07 13:22:17,0,user559,,,,0,1,2020-09-07 13:22:17
560,pbkdf2_sha256$180000$jxPVgv7bd62e$6JfHQ1yjtb8P8cUE9faCWBGDxBYJryGhD91xtUR9Pz8=,2020-09-07 13:22:17,0,user560,,,,0,1,2020-09-07 13:22:17
561,pbkdf2_sha256$180000$jxPVgv7bd62e$6JfHQ1yjtb8P8cUE9faCWBGDxBYJryGhD91xtUR9Pz8=,2020-09-07 13:22:17,0,user561,,,,0,1,2020-09-07 13:22:17
562,pbkdf2_sha256$180000$jxPVgv7bd62e$6JfHQ1yjtb8P8cUE9faCWBGDxBYJryGhD91xtUR9Pz8=,2020-09-07 13:22:17,0,user562,,,,0,1,2020-09-07 13:22:17
563,pbkdf2_sha256$180000$jxPVgv7bd62e$6JfHQ1yjtb8P8cUE9faCWBGDxBYJryGhD91xtUR9Pz8=,2020-09-07 13:22:17,0,user563,,,,0,1,2020-09-07 13:22:17
564,pbkdf2_sha256$180000$jxPVgv7bd62e$6JfHQ1yjtb8P8cUE9faCWBGDxBYJryGhD91xtUR9Pz8=,2020-09-07 13:22:17,0,user564,,,,0,1,2020-09-07 13:22:17
565,pbkdf2_sha256$180000$jxPVgv7bd62e$6JfHQ1yjtb8P8cUE9faCWBGDxBYJryGhD91xtUR9Pz8=,2020-09-07 13:22:17,0,user565,,,,0,1,2020-09-07 13:22:17
566,pbkdf2_sha256$180000$jxPVgv7bd62e$6JfHQ1yjtb8P8cUE9faCWBGDxBYJryGhD91xtUR9Pz8=,2020-09-07 13:22:17,0,user566,,,,0,1,2020-09-07 13:22:17
567,pbkdf2_sha256$180000$jxPVgv7bd62e$6JfHQ1yjtb8P8cUE9faCWBGDxBYJryGhD91xtUR9Pz8=,2020-09-07 13:22:17,0,user567,,,,0,1,2020-09-07 13:22:17
568,pbkdf2_sha256$180000$jxPVgv7bd62e$6JfHQ1yjtb8P8cUE9faCWBGDxBYJryGhD91xtUR9Pz8=,2020-09-07 13:22:17,0,user568,,,,0,1,2020-09-07 13:22:17
569,pbkdf2_sha256$180000$jxPVgv7bd62e$6JfHQ1yjtb8P8cUE9faCWBGDxBYJryGhD91xtUR9Pz8=,2020-09-07 13:22:17,0,user569,,,,0,1,2020-09-07 13:22:17
570,pbkdf2_sha256$180000$jxPVgv7bd62e$6JfHQ1yjtb8P8cUE9faCWBGDxBYJryGhD91xtUR9Pz8=,2020-09-07 13:22:17,0,user570,,,,0,1,2020-09-07 13:22:17
571,pbkdf2_sha256$180000$jxPVgv7bd62e$6JfHQ1yjtb8P8cUE9faCWBGDxBYJryGhD91xtUR9Pz8=,2020-09-07 13:22:17,0,user571,,,,0,1,2020-09-07 13:22:17
572,pbkdf2_sha256$180000$jxPVgv7bd62e$6JfHQ1yjtb8P8cUE9faCWBGDxBYJryGhD91xtUR9Pz8=,2020-09-07 13:22:17,0,user572,,,,0,1,2020-09-07 13:22:17
573,pbkdf2_sha256$180000$jxPVgv7bd62e$6JfHQ1yjtb8P8cUE9faCWBGDxBYJryGhD91xtUR9Pz8=,2020-09-07 13:22:17,0,user573,,,,0,1,2020-09-07 13:22:17
574,pbkdf2_sha256$180000$jxPVgv7bd62e$6JfHQ1yjtb8P8cUE9faCWBGDxBYJryGhD91xtUR9Pz8=,2020-09-07 13:22:17,0,user574,,,,0,1,2020-09-07 13:22:17
575,pbkdf2_sha256$180000$jxPVgv7bd62e$6JfHQ1yjtb8P8cUE9faCWBGDxBYJryGhD91xtUR9Pz8=,2020-09-07 13:22:17,0,user575,,,,0,1,2020-09-07 13:22:17
576,pbkdf2_sha256$180000$jxPVgv7bd62e$6JfHQ1yjtb8P8cUE9faCWBGDxBYJryGhD91xtUR9Pz8=,2020-09-07 13:22:17,0,user576,,,,0,1,2020-09-07 13:22:17
577,pbkdf2_sha256$180000$jxPVgv7bd62e$6JfHQ1yjtb8P8cUE9faCWBGDxBYJryGhD91xtUR9Pz8=,2020-09-07 13:22:17,0,user577,,,,0,1,2020-09-07 13:22:17
578,pbkdf2_sha256$180000$jxPVgv7bd62e$6JfHQ1yjtb8P8cUE9faCWBGDxBYJryGhD91xtUR9Pz8=,2020-09-07 13:22:17,0,user578,,,,0,1,2020-09-07 13:22:17
579,pbkdf2_sha256$180000$jxPVgv7bd62e$6JfHQ1yjtb8P8cUE9faCWBGDxBYJryGhD91xtUR9Pz8=,2020-09-07 13:22:17,0,user579,,,,0,1,2020-09-07 13:22:17
580,pbkdf2_sha256$180000$jxPVgv7bd62e$6JfHQ1yjtb8P8cUE9faCWBGDxBYJryGhD91xtUR9Pz8=,2020-09-07 13:22:17,0,user580,,,,0,1,2020-09-07 13:22:17
581,pbkdf2_sha256$180000$jxPVgv7bd62e$6JfHQ1yjtb8P8cUE9faCWBGDxBYJryGhD91xtUR9Pz8=,2020-09-07 13:22:17,0,user581,,,,0,1,2020-09-07 13:22:17
582,pbkdf2_sha256$180000$jxPVgv7bd62e$6JfHQ1yjtb8P8cUE9faCWBGDxBYJryGhD91xtUR9Pz8=,2020-09-07 13:22:17,0,user582,,,,0,1,2020-09-07 13:22:17
583,pbkdf2_sha256$180000$jxPVgv7bd62e$6JfHQ1yjtb8P8cUE9faCWBGDxBYJryGhD91xtUR9Pz8=,2020-09-07 13:22:17,0,user583,,,,0,1,2020-09-07 13:22:17
584,pbkdf2_sha256$180000$jxPVgv7bd62e$6JfHQ1yjtb8P8cUE9faCWBGDxBYJryGhD91xtUR9Pz8=,2020-09-07 13:22:17,0,user584,,,,0,1,2020-09-07 13:22:17
585,pbkdf2_sha256$180000$jxPVgv7bd62e$6JfHQ1yjtb8P8cUE9faCWBGDxBYJryGhD91xtUR9Pz8=,2020-09-07 13:22:17,0,user585,,,,0,1,2020-09-07 13:22:17
586,pbkdf2_sha256$180000$jxPVgv7bd62e$6JfHQ1yjtb8P8cUE9faCWBGDxBYJryGhD91xtUR9Pz8=,2020-09-07 13:22:17,0,user586,,,,0,1,2020-09-07 13:22:17
587,pbkdf2_sha256$180000$jxPVgv7bd62e$6JfHQ1yjtb8P8cUE9faCWBGDxBYJryGhD91xtUR9Pz8=,2020-09-07 13:22:17,0,user587,,,,0,1,2020-09-07 13:22:17
588,pbkdf2_sha256$180000$jxPVgv7bd62e$6JfHQ1yjtb8P8cUE9faCWBGDxBYJryGhD91xtUR9Pz8=,2020-09-07 13:22:17,0,user588,,,,0,1,2020-09-07 13:22:17
589,pbkdf2_sha256$180000$jxPVgv7bd62e$6JfHQ1yjtb8P8cUE9faCWBGDxBYJryGhD91xtUR9Pz8=,2020-09-07 13:22:17,0,user589,,,,0,1,2020-09-07 13:22:17
590,pbkdf2_sha256$180000$jxPVgv7bd62e$6JfHQ1yjtb8P8cUE9faCWBGDxBYJryGhD91xtUR9Pz8=,2020-09-07 13:22:17,0,user590,,,,0,1,2020-09-07 13:22:17
591,pbkdf2_sha256$180000$jxPVgv7bd62e$6JfHQ1yjtb8P8cUE9faCWBGDxBYJryGhD91xtUR9Pz8=,2020-09-07 13:22:17,0,user591,,,,0,1,2020-09-07 13:22:17
592,pbkdf2_sha256$180000$jxPVgv7bd62e$6JfHQ1yjtb8P8cUE9faCWBGDxBYJryGhD91xtUR9Pz8=,2020-09-07 13:22:17,0,user592,,,,0,1,2020-09-07 13:22:17
593,pbkdf2_sha256$180000$jxPVgv7bd62e$6JfHQ1yjtb8P8cUE9faCWBGDxBYJryGhD91xtUR9Pz8=,2020-09-07 13:22:17,0,user593,,,,0,1,2020-09-07 13:22:17
594,pbkdf2_sha256$180000$jxPVgv7bd62e$6JfHQ1yjtb8P8cUE9faCWBGDxBYJryGhD91xtUR9Pz8=,2020-09-07 13:22:17,0,user594,,,,0,1,2020-09-07 13:22:17
595,pbkdf2_sha256$180000$jxPVgv7bd62e$6JfHQ1yjtb8P8cUE9faCWBGDxBYJryGhD91xtUR9Pz8=,2020-09-07 13:22:17,0,user595,,,,0,1,2020-09-07 13:22:17
596,pbkdf2_sha256$180000$jxPVgv7bd62e$6JfHQ1yjtb8P8cUE9faCWBGDxBYJryGhD91xtUR9Pz8=,2020-09-07 13:22:17,0,user596,,,,0,1,2020-09-07 13:22:17
597,pbkdf2_sha256$180000$jxPVgv7bd62e$6JfHQ1yjtb8P8cUE9faCWBGDxBYJryGhD91xtUR9Pz8=,2020-09-07 13:22:17,0,user597,,,,0,1,2020-09-07 13:22:17
598,pbkdf2_sha256$180000$jxPVgv7bd62e$6JfHQ1yjtb8P8cUE9faCWBGDxBYJryGhD91xtUR9Pz8=,2020-09-07 13:22:17,0,user598,,,,0,1,2020-09-07 13:22:17
599,pbkdf2_sha256$180000$jxPVgv7bd62e$6JfHQ1yjtb8P8cUE9faCWBGDxBYJryGhD91xtUR9Pz8=,2020-09-07 13:22:17,0,user599,,,,0,1,2020-09-07 13:22:17
600,pbkdf2_sha256$180000$jxPVgv7bd62e$6JfHQ1yjtb8P8cUE9faCWBGDxBYJryGhD91xtUR9Pz8=,2020-09-07 13:22:17,0,user600,,,,0,1,2020-09-07 13:22:17
601,pbkdf2_sha256$180000$jxPVgv7bd62e$6JfHQ1yjtb8P8cUE9faCWBGDxBYJryGhD91xtUR9Pz8=,2020-09-07 13:22:17,0,user601,,,,0,1,2020-09-07 13:22:17
602,pbkdf2_sha256$180000$jxPVgv7bd62e$6JfHQ1yjtb8P8cUE9faCWBGDxBYJryGhD91xtUR9Pz8=,2020-09-07 13:22:17,0,user602,,,,0,1,2020-09-07 13:22:17
603,pbkdf2_sha256$180000$jxPVgv7bd62e$6JfHQ1yjtb8P8cUE9faCWBGDxBYJryGhD91xtUR9Pz8=,2020-09-07 13:22:17,0,user603,,,,0,1,2020-09-07 13:22:17
604,pbkdf2_sha256$180000$jxPVgv7bd62e$6JfHQ1yjtb8P8cUE9faCWBGDxBYJryGhD91xtUR9Pz8=,2020-09-07 13:22:17,0,user604,,,,0,1,2020-09-07 13:22:17
605,pbkdf2_sha256$180000$jxPVgv7bd62e$6JfHQ1yjtb8P8cUE9faCWBGDxBYJryGhD91xtUR9Pz8=,2020-09-07 13:22:17,0,user605,,,,0,1,2020-09-07 13:22:17
606,pbkdf2_sha256$180000$jxPVgv7bd62e$6JfHQ1yjtb8P8cUE9faCWBGDxBYJryGhD91xtUR9Pz8=,2020-09-07 13:22:17,0,user606,,,,0,1,2020-09-07 13:22:17
607,pbkdf2_sha256$180000$jxPVgv7bd62e$6JfHQ1yjtb8P8cUE9faCWBGDxBYJryGhD91xtUR9Pz8=,2020-09-07 13:22:17,0,user607,,,,0,1,2020-09-07 13:22:17
608,pbkdf2_sha256$180000$jxPVgv7bd62e$6JfHQ1yjtb8P8cUE9faCWBGDxBYJryGhD91xtUR9Pz8=,2020-09-07 13:22:17,0,user608,,,,0,1,2020-09-07 13:22:17
609,pbkdf2_sha256$180000$jxPVgv7bd62e$6JfHQ1yjtb8P8cUE9faCWBGDxBYJryGhD91xtUR9Pz8=,2020-09-07 13:22:17,0,user609,,,,0,1,2020-09-07 13:22:17
610,pbkdf2_sha256$180000$jxPVgv7bd62e$6JfHQ1yjtb8P8cUE9faCWBGDxBYJryGhD91xtUR9Pz8=,2020-09-07 13:22:17,0,user610,,,,0,1,2020-09-07 13:22:17
611,pbkdf2_sha256$180000$jxPVgv7bd62e$6JfHQ1yjtb8P8cUE9faCWBGDxBYJryGhD91xtUR9Pz8=,2020-09-07 13:22:17,0,user611,,,,0,1,2020-09-07 13:22:17
612,pbkdf2_sha256$180000$jxPVgv7bd62e$6JfHQ1yjtb8P8cUE9faCWBGDxBYJryGhD91xtUR9Pz8=,2020-09-07 13:22:17,0,user612,,,,0,1,2020-09-07 13:22:17
613,pbkdf2_sha256$180000$jxPVgv7bd62e$6JfHQ1yjtb8P8cUE9faCWBGDxBYJryGhD91xtUR9Pz8=,2020-09-07 13:22:17,0,user613,,,,0,1,2020-09-07 13:22:17
614,pbkdf2_sha256$180000$jxPVgv7bd62e$6JfHQ1yjtb8P8cUE9faCWBGDxBYJryGhD91xtUR9Pz8=,2020-09-07 13:22:17,0,user614,,,,0,1,2020-09-07 13:22:17
615,pbkdf2_sha256$180000$jxPVgv7bd62e$6JfHQ1yjtb8P8cUE9faCWBGDxBYJryGhD91xtUR9Pz8=,2020-09-07 13:22:17,0,user615,,,,0,1,2020-09-07 13:22:17
616,pbkdf2_sha256$180000$jxPVgv7bd62e$6JfHQ1yjtb8P8cUE9faCWBGDxBYJryGhD91xtUR9Pz8=,2020-09-07 13:22:17,0,user616,,,,0,1,2020-09-07 13:22:17
617,pbkdf2_sha256$180000$jxPVgv7bd62e$6JfHQ1yjtb8P8cUE9faCWBGDxBYJryGhD91xtUR9Pz8=,2020-09-07 13:22:17,0,user617,,,,0,1,2020-09-07 13:22:17
618,pbkdf2_sha256$180000$jxPVgv7bd62e$6JfHQ1yjtb8P8cUE9faCWBGDxBYJryGhD91xtUR9Pz8=,2020-09-07 13:22:17,0,user618,,,,0,1,2020-09-07 13:22:17
619,pbkdf2_sha256$180000$jxPVgv7bd62e$6JfHQ1yjtb8P8cUE9faCWBGDxBYJryGhD91xtUR9Pz8=,2020-09-07 13:22:17,0,user619,,,,0,1,2020-09-07 13:22:17
620,pbkdf2_sha256$180000$jxPVgv7bd62e$6JfHQ1yjtb8P8cUE9faCWBGDxBYJryGhD91xtUR9Pz8=,2020-09-07 13:22:17,0,user620,,,,0,1,2020-09-07 13:22:17
621,pbkdf2_sha256$180000$jxPVgv7bd62e$6JfHQ1yjtb8P8cUE9faCWBGDxBYJryGhD91xtUR9Pz8=,2020-09-07 13:22:17,0,user621,,,,0,1,2020-09-07 13:22:17
622,pbkdf2_sha256$180000$jxPVgv7bd62e$6JfHQ1yjtb8P8cUE9faCWBGDxBYJryGhD91xtUR9Pz8=,2020-09-07 13:22:17,0,user622,,,,0,1,2020-09-07 13:22:17
623,pbkdf2_sha256$180000$jxPVgv7bd62e$6JfHQ1yjtb8P8cUE9faCWBGDxBYJryGhD91xtUR9Pz8=,2020-09-07 13:22:17,0,user623,,,,0,1,2020-09-07 13:22:17
624,pbkdf2_sha256$180000$jxPVgv7bd62e$6JfHQ1yjtb8P8cUE9faCWBGDxBYJryGhD91xtUR9Pz8=,2020-09-07 13:22:17,0,user624,,,,0,1,2020-09-07 13:22:17
625,pbkdf2_sha256$180000$jxPVgv7bd62e$6JfHQ1yjtb8P8cUE9faCWBGDxBYJryGhD91xtUR9Pz8=,2020-09-07 13:22:17,0,user625,,,,0,1,2020-09-07 13:22:17
626,pbkdf2_sha256$180000$jxPVgv7bd62e$6JfHQ1yjtb8P8cUE9faCWBGDxBYJryGhD91xtUR9Pz8=,2020-09-07 13:22:17,0,user626,,,,0,1,2020-09-07 13:22:17
627,pbkdf2_sha256$180000$jxPVgv7bd62e$6JfHQ1yjtb8P8cUE9faCWBGDxBYJryGhD91xtUR9Pz8=,2020-09-07 13:22:17,0,user627,,,,0,1,2020-09-07 13:22:17
628,pbkdf2_sha256$180000$jxPVgv7bd62e$6JfHQ1yjtb8P8cUE9faCWBGDxBYJryGhD91xtUR9Pz8=,2020-09-07 13:22:17,0,user628,,,,0,1,2020-09-07 13:22:17
629,pbkdf2_sha256$180000$jxPVgv7bd62e$6JfHQ1yjtb8P8cUE9faCWBGDxBYJryGhD91xtUR9Pz8=,2020-09-07 13:22:17,0,user629,,,,0,1,2020-09-07 13:22:17
630,pbkdf2_sha256$180000$jxPVgv7bd62e$6JfHQ1yjtb8P8cUE9faCWBGDxBYJryGhD91xtUR9Pz8=,2020-09-07 13:22:17,0,user630,,,,0,1,2020-09-07 13:22:17
631,pbkdf2_sha256$180000$jxPVgv7bd62e$6JfHQ1yjtb8P8cUE9faCWBGDxBYJryGhD91xtUR9Pz8=,2020-09-07 13:22:17,0,user631,,,,0,1,2020-09-07 13:22:17
632,pbkdf2_sha256$180000$jxPVgv7bd62e$6JfHQ1yjtb8P8cUE9faCWBGDxBYJryGhD91xtUR9Pz8=,2020-09-07 13:22:17,0,user632,,,,0,1,2020-09-07 13:22:17
633,pbkdf2_sha256$180000$jxPVgv7bd62e$6JfHQ1yjtb8P8cUE9faCWBGDxBYJryGhD91xtUR9Pz8=,2020-09-07 13:22:17,0,user633,,,,0,1,2020-09-07 13:22:17
634,pbkdf2_sha256$180000$jxPVgv7bd62e$6JfHQ1yjtb8P8cUE9faCWBGDxBYJryGhD91xtUR9Pz8=,2020-09-07 13:22:17,0,user634,,,,0,1,2020-09-07 13:22:17
635,pbkdf2_sha256$180000$jxPVgv7bd62e$6JfHQ1yjtb8P8cUE9faCWBGDxBYJryGhD91xtUR9Pz8=,2020-09-07 13:22:17,0,user635,,,,0,1,2020-09-07 13:22:17
636,pbkdf2_sha256$180000$jxPVgv7bd62e$6JfHQ1yjtb8P8cUE9faCWBGDxBYJryGhD91xtUR9Pz8=,2020-09-07 13:22:17,0,user636,,,,0,1,2020-09-07 13:22:17
637,pbkdf2_sha256$180000$jxPVgv7bd62e$6JfHQ1yjtb8P8cUE9faCWBGDxBYJryGhD91xtUR9Pz8=,2020-09-07 13:22:17,0,user637,,,,0,1,2020-09-07 13:22:17
638,pbkdf2_sha256$180000$jxPVgv7bd62e$6JfHQ1yjtb8P8cUE9faCWBGDxBYJryGhD91xtUR9Pz8=,2020-09-07 13:22:17,0,user638,,,,0,1,2020-09-07 13:22:17
639,pbkdf2_sha256$180000$jxPVgv7bd62e$6JfHQ1yjtb8P8cUE9faCWBGDxBYJryGhD91xtUR9Pz8=,2020-09-07 13:22:17,0,user639,,,,0,1,2020-09-07 13:22:17
640,pbkdf2_sha256$180000$jxPVgv7bd62e$6JfHQ1yjtb8P8cUE9faCWBGDxBYJryGhD91xtUR9Pz8=,2020-09-07 13:22:17,0,user640,,,,0,1,2020-09-07 13:22:17
641,pbkdf2_sha256$180000$jxPVgv7bd62e$6JfHQ1yjtb8P8cUE9faCWBGDxBYJryGhD91xtUR9Pz8=,2020-09-07 13:22:17,0,user641,,,,0,1,2020-09-07 13:22:17
642,pbkdf2_sha256$180000$jxPVgv7bd62e$6JfHQ1yjtb8P8cUE9faCWBGDxBYJryGhD91xtUR9Pz8=,2020-09-07 13:22:17,0,user642,,,,0,1,2020-09-07 13:22:17
643,pbkdf2_sha256$180000$jxPVgv7bd62e$6JfHQ1yjtb8P8cUE9faCWBGDxBYJryGhD91xtUR9Pz8=,2020-09-07 13:22:17,0,user643,,,,0,1,2020-09-07 13:22:17
644,pbkdf2_sha256$180000$jxPVgv7bd62e$6JfHQ1yjtb8P8cUE9faCWBGDxBYJryGhD91xtUR9Pz8=,2020-09-07 13:22:17,0,user644,,,,0,1,2020-09-07 13:22:17
645,pbkdf2_sha256$180000$jxPVgv7bd62e$6JfHQ1yjtb8P8cUE9faCWBGDxBYJryGhD91xtUR9Pz8=,2020-09-07 13:22:17,0,user645,,,,0,1,2020-09-07 13:22:17
646,pbkdf2_sha256$180000$jxPVgv7bd62e$6JfHQ1yjtb8P8cUE9faCWBGDxBYJryGhD91xtUR9Pz8=,2020-09-07 13:22:17,0,user646,,,,0,1,2020-09-07 13:22:17
647,pbkdf2_sha256$180000$jxPVgv7bd62e$6JfHQ1yjtb8P8cUE9faCWBGDxBYJryGhD91xtUR9Pz8=,2020-09-07 13:22:17,0,user647,,,,0,1,2020-09-07 13:22:17
648,pbkdf2_sha256$180000$jxPVgv7bd62e$6JfHQ1yjtb8P8cUE9faCWBGDxBYJryGhD91xtUR9Pz8=,2020-09-07 13:22:17,0,user648,,,,0,1,2020-09-07 13:22:17
649,pbkdf2_sha256$180000$jxPVgv7bd62e$6JfHQ1yjtb8P8cUE9faCWBGDxBYJryGhD91xtUR9Pz8=,2020-09-07 13:22:17,0,user649,,,,0,1,2020-09-07 13:22:17
650,pbkdf2_sha256$180000$jxPVgv7bd62e$6JfHQ1yjtb8P8cUE9faCWBGDxBYJryGhD91xtUR9Pz8=,2020-09-07 13:22:17,0,user650,,,,0,1,2020-09-07 13:22:17
651,pbkdf2_sha256$180000$jxPVgv7bd62e$6JfHQ1yjtb8P8cUE9faCWBGDxBYJryGhD91xtUR9Pz8=,2020-09-07 13:22:17,0,user651,,,,0,1,2020-09-07 13:22:17
652,pbkdf2_sha256$180000$jxPVgv7bd62e$6JfHQ1yjtb8P8cUE9faCWBGDxBYJryGhD91xtUR9Pz8=,2020-09-07 13:22:17,0,user652,,,,0,1,2020-09-07 13:22:17
653,pbkdf2_sha256$180000$jxPVgv7bd62e$6JfHQ1yjtb8P8cUE9faCWBGDxBYJryGhD91xtUR9Pz8=,2020-09-07 13:22:17,0,user653,,,,0,1,2020-09-07 13:22:17
654,pbkdf2_sha256$180000$jxPVgv7bd62e$6JfHQ1yjtb8P8cUE9faCWBGDxBYJryGhD91xtUR9Pz8=,2020-09-07 13:22:17,0,user654,,,,0,1,2020-09-07 13:22:17
655,pbkdf2_sha256$180000$jxPVgv7bd62e$6JfHQ1yjtb8P8cUE9faCWBGDxBYJryGhD91xtUR9Pz8=,2020-09-07 13:22:17,0,user655,,,,0,1,2020-09-07 13:22:17
656,pbkdf2_sha256$180000$jxPVgv7bd62e$6JfHQ1yjtb8P8cUE9faCWBGDxBYJryGhD91xtUR9Pz8=,2020-09-07 13:22:17,0,user656,,,,0,1,2020-09-07 13:22:17
657,pbkdf2_sha256$180000$jxPVgv7bd62e$6JfHQ1yjtb8P8cUE9faCWBGDxBYJryGhD91xtUR9Pz8=,2020-09-07 13:22:17,0,user657,,,,0,1,2020-09-07 13:22:17
658,pbkdf2_sha256$180000$jxPVgv7bd62e$6JfHQ1yjtb8P8cUE9faCWBGDxBYJryGhD91xtUR9Pz8=,2020-09-07 13:22:17,0,user658,,,,0,1,2020-09-07 13:22:17
659,pbkdf2_sha256$180000$jxPVgv7bd62e$6JfHQ1yjtb8P8cUE9faCWBGDxBYJryGhD91xtUR9Pz8=,2020-09-07 13:22:17,0,user659,,,,0,1,2020-09-07 13:22:17
660,pbkdf2_sha256$180000$jxPVgv7bd62e$6JfHQ1yjtb8P8cUE9faCWBGDxBYJryGhD91xtUR9Pz8=,2020-09-07 13:22:17,0,user660,,,,0,1,2020-09-07 13:22:17
661,pbkdf2_sha256$180000$jxPVgv7bd62e$6JfHQ1yjtb8P8cUE9faCWBGDxBYJryGhD91xtUR9Pz8=,2020-09-07 13:22:17,0,user661,,,,0,1,2020-09-07 13:22:17
662,pbkdf2_sha256$180000$jxPVgv7bd62e$6JfHQ1yjtb8P8cUE9faCWBGDxBYJryGhD91xtUR9Pz8=,2020-09-07 13:22:17,0,user662,,,,0,1,2020-09-07 13:22:17
663,pbkdf2_sha256$180000$jxPVgv7bd62e$6JfHQ1yjtb8P8cUE9faCWBGDxBYJryGhD91xtUR9Pz8=,2020-09-07 13:22:17,0,user663,,,,0,1,2020-09-07 13:22:17
664,pbkdf2_sha256$180000$jxPVgv7bd62e$6JfHQ1yjtb8P8cUE9faCWBGDxBYJryGhD91xtUR9Pz8=,2020-09-07 13:22:17,0,user664,,,,0,1,2020-09-07 13:22:17
665,pbkdf2_sha256$180000$jxPVgv7bd62e$6JfHQ1yjtb8P8cUE9faCWBGDxBYJryGhD91xtUR9Pz8=,2020-09-07 13:22:17,0,user665,,,,0,1,2020-09-07 13:22:17
666,pbkdf2_sha256$180000$jxPVgv7bd62e$6JfHQ1yjtb8P8cUE9faCWBGDxBYJryGhD91xtUR9Pz8=,2020-09-07 13:22:17,0,user666,,,,0,1,2020-09-07 13:22:17
667,pbkdf2_sha256$180000$jxPVgv7bd62e$6JfHQ1yjtb8P8cUE9faCWBGDxBYJryGhD91xtUR9Pz8=,2020-09-07 13:22:17,0,user667,,,,0,1,2020-09-07 13:22:17
668,pbkdf2_sha256$180000$jxPVgv7bd62e$6JfHQ1yjtb8P8cUE9faCWBGDxBYJryGhD91xtUR9Pz8=,2020-09-07 13:22:17,0,user668,,,,0,1,2020-09-07 13:22:17
669,pbkdf2_sha256$180000$jxPVgv7bd62e$6JfHQ1yjtb8P8cUE9faCWBGDxBYJryGhD91xtUR9Pz8=,2020-09-07 13:22:17,0,user669,,,,0,1,2020-09-07 13:22:17
670,pbkdf2_sha256$180000$jxPVgv7bd62e$6JfHQ1yjtb8P8cUE9faCWBGDxBYJryGhD91xtUR9Pz8=,2020-09-07 13:22:17,0,user670,,,,0,1,2020-09-07 13:22:17
671,pbkdf2_sha256$180000$jxPVgv7bd62e$6JfHQ1yjtb8P8cUE9faCWBGDxBYJryGhD91xtUR9Pz8=,2020-09-07 13:22:17,0,user671,,,,0,1,2020-09-07 13:22:17
